round,basin,data_row_count,feature_quantity,feature_list,kernel_options,best_kernel,c_options,best_c,epsilon_options,best_epsilon,target_variable_variance,mse,rmse,mae,r2,within_5_percent,within_15_percent,within_25_percent,within_50_percent,results_min%_difference,results_max%_difference,0.25_quantile_loss,0.5_quantile_loss,0.75_quantile_loss,cross_val_mse
06_wi_nc,Gulf Coast,326,20,"['TDS', 'LATITUDE', 'LONGITUDE', 'DEPTHUPPER', 'DEPTHLOWER', 'PH', 'B', 'Ba', 'Br', 'HCO3', 'Ca', 'Cl', 'FeTot', 'K', 'Mg', 'Na', 'SO4', 'Sr', 'Zn', 'CHARGEBAL']","['rbf', 'poly', 'sigmoid']",rbf,"[10, 50, 100, 150, 200]",100.0,"[0.1, 0.2, 0.3, 0.4, 0.5]",0.1,8537.36,797.83,28.25,13.37,0.91,37.8,64.63,76.83,85.37,0.31,1011.91,1.37,4.97,11.19,18884.5
02_wi_nc,Gulf Coast,326,20,"['TDS', 'LATITUDE', 'LONGITUDE', 'DEPTHUPPER', 'DEPTHLOWER', 'PH', 'B', 'Ba', 'Br', 'HCO3', 'Ca', 'Cl', 'FeTot', 'K', 'Mg', 'Na', 'SO4', 'Sr', 'Zn', 'CHARGEBAL']","['linear', 'rbf', 'poly', 'sigmoid']",rbf,"[0.1, 0.5, 1, 5, 10, 50, 100]",100.0,"[0.01, 0.05, 0.1, 0.2, 0.5]",0.5,9346.21,1057.12,32.51,15.66,0.89,34.69,61.22,74.49,82.65,0.46,976.52,1.61,5.01,13.7,20189.56
07_wi_nc,Gulf Coast,326,20,"['TDS', 'LATITUDE', 'LONGITUDE', 'DEPTHUPPER', 'DEPTHLOWER', 'PH', 'B', 'Ba', 'Br', 'HCO3', 'Ca', 'Cl', 'FeTot', 'K', 'Mg', 'Na', 'SO4', 'Sr', 'Zn', 'CHARGEBAL']","['rbf', 'poly']",rbf,"[10, 20, 30, 40, 50]",50.0,"[0.1, 0.2, 0.3, 0.4, 0.5]",0.5,8537.36,935.77,30.59,14.21,0.89,35.37,63.41,76.83,85.37,0.43,917.34,1.07,5.11,11.35,19631.38
03_wi_nc,Gulf Coast,326,20,"['TDS', 'LATITUDE', 'LONGITUDE', 'DEPTHUPPER', 'DEPTHLOWER', 'PH', 'B', 'Ba', 'Br', 'HCO3', 'Ca', 'Cl', 'FeTot', 'K', 'Mg', 'Na', 'SO4', 'Sr', 'Zn', 'CHARGEBAL']","['rbf', 'poly', 'sigmoid']",rbf,"[0.1, 0.5, 1, 5, 10, 50]",50.0,"[0.01, 0.05, 0.1, 0.2]",0.2,8537.36,936.46,30.6,14.2,0.89,34.15,63.41,76.83,85.37,0.75,890.57,1.2,4.88,11.47,19642.8
07_ni_nc,Gulf Coast,78,20,"['TDS', 'LATITUDE', 'LONGITUDE', 'DEPTHUPPER', 'DEPTHLOWER', 'PH', 'B', 'Ba', 'Br', 'HCO3', 'Ca', 'Cl', 'FeTot', 'K', 'Mg', 'Na', 'SO4', 'Sr', 'Zn', 'CHARGEBAL']","['rbf', 'poly']",rbf,"[10, 20, 30, 40, 50]",50.0,"[0.1, 0.2, 0.3, 0.4, 0.5]",0.5,18070.48,2210.62,47.02,27.15,0.88,15.0,65.0,70.0,80.0,2.19,324.78,4.68,6.55,28.27,37162.79
04_wi_nc,Gulf Coast,326,20,"['TDS', 'LATITUDE', 'LONGITUDE', 'DEPTHUPPER', 'DEPTHLOWER', 'PH', 'B', 'Ba', 'Br', 'HCO3', 'Ca', 'Cl', 'FeTot', 'K', 'Mg', 'Na', 'SO4', 'Sr', 'Zn', 'CHARGEBAL']","['rbf', 'poly', 'sigmoid']",poly,"[0.1, 0.5, 1, 5, 10]",10.0,"[0.01, 0.05, 0.1]",0.01,8537.36,1445.34,38.02,19.62,0.83,25.61,62.2,68.29,75.61,1.1,2090.86,2.47,4.86,22.13,20632.83
01_ni_nc,Gulf Coast,78,20,"['TDS', 'LATITUDE', 'LONGITUDE', 'DEPTHUPPER', 'DEPTHLOWER', 'PH', 'B', 'Ba', 'Br', 'HCO3', 'Ca', 'Cl', 'FeTot', 'K', 'Mg', 'Na', 'SO4', 'Sr', 'Zn', 'CHARGEBAL']","['linear', 'rbf', 'poly']",linear,"[0.1, 1, 10]",1.0,"[0.01, 0.1, 0.5]",0.5,22587.95,4096.27,64.0,40.93,0.82,45.83,54.17,54.17,66.67,4.09,418.89,1.06,9.54,85.16,38535.58
02_ni_nc,Gulf Coast,78,20,"['TDS', 'LATITUDE', 'LONGITUDE', 'DEPTHUPPER', 'DEPTHLOWER', 'PH', 'B', 'Ba', 'Br', 'HCO3', 'Ca', 'Cl', 'FeTot', 'K', 'Mg', 'Na', 'SO4', 'Sr', 'Zn', 'CHARGEBAL']","['linear', 'rbf', 'poly', 'sigmoid']",sigmoid,"[0.1, 0.5, 1, 5, 10, 50, 100]",50.0,"[0.01, 0.05, 0.1, 0.2, 0.5]",0.01,22587.95,5655.03,75.2,44.79,0.75,37.5,45.83,58.33,75.0,0.37,843.3,2.68,18.88,59.11,32489.43
05_ni_nc,Gulf Coast,78,20,"['TDS', 'LATITUDE', 'LONGITUDE', 'DEPTHUPPER', 'DEPTHLOWER', 'PH', 'B', 'Ba', 'Br', 'HCO3', 'Ca', 'Cl', 'FeTot', 'K', 'Mg', 'Na', 'SO4', 'Sr', 'Zn', 'CHARGEBAL']","['rbf', 'poly', 'sigmoid']",sigmoid,"[10, 50, 100, 150, 200]",50.0,"[0.1, 0.2, 0.3, 0.4, 0.5]",0.3,23388.79,6490.66,80.56,51.96,0.72,28.12,46.88,56.25,65.62,0.81,686.17,4.94,19.29,105.33,41965.21
01_wi_nc,Gulf Coast,326,20,"['TDS', 'LATITUDE', 'LONGITUDE', 'DEPTHUPPER', 'DEPTHLOWER', 'PH', 'B', 'Ba', 'Br', 'HCO3', 'Ca', 'Cl', 'FeTot', 'K', 'Mg', 'Na', 'SO4', 'Sr', 'Zn', 'CHARGEBAL']","['linear', 'rbf', 'poly']",linear,"[0.1, 1, 10]",10.0,"[0.01, 0.1, 0.5]",0.5,9346.21,2846.56,53.35,28.98,0.7,13.27,44.9,56.12,74.49,0.5,2042.97,4.19,8.56,28.11,19580.48
06_ni_nc,Gulf Coast,78,20,"['TDS', 'LATITUDE', 'LONGITUDE', 'DEPTHUPPER', 'DEPTHLOWER', 'PH', 'B', 'Ba', 'Br', 'HCO3', 'Ca', 'Cl', 'FeTot', 'K', 'Mg', 'Na', 'SO4', 'Sr', 'Zn', 'CHARGEBAL']","['rbf', 'poly', 'sigmoid']",sigmoid,"[10, 50, 100, 150, 200]",50.0,"[0.1, 0.2, 0.3, 0.4, 0.5]",0.2,18070.48,6490.84,80.57,48.98,0.64,5.0,35.0,55.0,70.0,1.65,997.21,5.11,20.22,67.97,33211.62
03_ni_nc,Gulf Coast,78,20,"['TDS', 'LATITUDE', 'LONGITUDE', 'DEPTHUPPER', 'DEPTHLOWER', 'PH', 'B', 'Ba', 'Br', 'HCO3', 'Ca', 'Cl', 'FeTot', 'K', 'Mg', 'Na', 'SO4', 'Sr', 'Zn', 'CHARGEBAL']","['rbf', 'poly', 'sigmoid']",sigmoid,"[0.1, 0.5, 1, 5, 10, 50]",50.0,"[0.01, 0.05, 0.1, 0.2]",0.2,18070.48,6490.84,80.57,48.98,0.64,5.0,35.0,55.0,70.0,1.65,997.21,5.11,20.22,67.97,33211.62
04_ni_nc,Gulf Coast,78,20,"['TDS', 'LATITUDE', 'LONGITUDE', 'DEPTHUPPER', 'DEPTHLOWER', 'PH', 'B', 'Ba', 'Br', 'HCO3', 'Ca', 'Cl', 'FeTot', 'K', 'Mg', 'Na', 'SO4', 'Sr', 'Zn', 'CHARGEBAL']","['rbf', 'poly', 'sigmoid']",sigmoid,"[0.1, 0.5, 1, 5, 10]",10.0,"[0.01, 0.05, 0.1]",0.1,18070.48,6901.76,83.08,46.46,0.62,40.0,60.0,60.0,65.0,1.68,263.45,1.47,4.95,65.61,46748.34
05_pca,Gulf Coast,888,15,"['PC1', 'PC2', 'PC3', 'PC4', 'PC5', 'PC6', 'PC7', 'PC8', 'PC9', 'PC10', 'PC11', 'PC12', 'PC13', 'PC14', 'PC15']","['rbf', 'poly', 'sigmoid']",rbf,"[10, 50, 100, 150, 200]",150.0,"[0.1, 0.2, 0.3, 0.4, 0.5]",0.5,15220.2,8336.38,91.3,15.05,0.45,46.35,71.07,77.81,90.73,0.36,1336.97,1.04,3.0,11.1,5297.03
05_wi_nc,Gulf Coast,326,20,"['TDS', 'LATITUDE', 'LONGITUDE', 'DEPTHUPPER', 'DEPTHLOWER', 'PH', 'B', 'Ba', 'Br', 'HCO3', 'Ca', 'Cl', 'FeTot', 'K', 'Mg', 'Na', 'SO4', 'Sr', 'Zn', 'CHARGEBAL']","['rbf', 'poly', 'sigmoid']",rbf,"[10, 50, 100, 150, 200]",200.0,"[0.1, 0.2, 0.3, 0.4, 0.5]",0.5,26168.17,16148.33,127.08,30.3,0.38,38.93,62.6,74.05,84.73,0.27,1606.71,1.33,4.95,17.3,13390.01
01_wi_wc,Gulf Coast,222,343,"['TDS', 'LATITUDE', 'LONGITUDE', 'DEPTHUPPER', 'DEPTHLOWER', 'PH', 'B', 'Ba', 'Br', 'HCO3', 'Ca', 'Cl', 'FeTot', 'K', 'Mg', 'Na', 'SO4', 'Sr', 'Zn', 'CHARGEBAL', 'PLAYTYPE_Sedimentary', 'PLAYTYPE_Shale', 'WELLTYPE_Conventional Hydrocarbon', 'FORMSIMPLE_Anahuac', 'FORMSIMPLE_Annona', 'FORMSIMPLE_Bodcaw', 'FORMSIMPLE_Claiborne', 'FORMSIMPLE_Cotton Valley', 'FORMSIMPLE_Edwards', 'FORMSIMPLE_Eutaw', 'FORMSIMPLE_Fredericksburg', 'FORMSIMPLE_Frio', 'FORMSIMPLE_Hosston', 'FORMSIMPLE_Jackson', 'FORMSIMPLE_James', 'FORMSIMPLE_Miocene', 'FORMSIMPLE_Mooringsport', 'FORMSIMPLE_Nacatoch', 'FORMSIMPLE_Navarro', 'FORMSIMPLE_Norphlet', 'FORMSIMPLE_Paluxy', 'FORMSIMPLE_Pettet', 'FORMSIMPLE_Rodessa', 'FORMSIMPLE_Sligo', 'FORMSIMPLE_Smackover', 'FORMSIMPLE_Taylor', 'FORMSIMPLE_Tokio', 'FORMSIMPLE_Travis Peak', 'FORMSIMPLE_Tuscaloosa', 'FORMSIMPLE_Vicksburg', 'FORMSIMPLE_Washita', 'FORMSIMPLE_Wilcox', 'FORMSIMPLE_Yegua', 'STATE_Alabama', 'STATE_Arkansas', 'STATE_Florida', 'STATE_Louisiana', 'STATE_Mississippi', 'STATE_OffShore-Texas', 'STATE_Texas', 'COUNTY_Adams', 'COUNTY_Atascosa', 'COUNTY_Avoyelles', 'COUNTY_Bienville', 'COUNTY_Bossier', 'COUNTY_Brazoria', 'COUNTY_Caddo', 'COUNTY_Caldwell', 'COUNTY_Calhoun', 'COUNTY_Choctaw', 'COUNTY_Claiborne', 'COUNTY_Clarke', 'COUNTY_Colorado', 'COUNTY_Columbia', 'COUNTY_Concordia', 'COUNTY_De Soto', 'COUNTY_DeWitt', 'COUNTY_Escambia', 'COUNTY_Franklin', 'COUNTY_Galveston', 'COUNTY_Goliad', 'COUNTY_Gonzales', 'COUNTY_Grant', 'COUNTY_Guadalupe', 'COUNTY_Hardin', 'COUNTY_Hidalgo', 'COUNTY_Iberia', 'COUNTY_Jasper', 'COUNTY_Jefferson', 'COUNTY_Jim Hogg', 'COUNTY_Jones', 'COUNTY_Karnes', 'COUNTY_Kleberg', 'COUNTY_LaSalle', 'COUNTY_Lafayette', 'COUNTY_Lafourche', 'COUNTY_Lamar', 'COUNTY_Lincoln', 'COUNTY_Miller', 'COUNTY_Monroe', 'COUNTY_Montgomery', 'COUNTY_Nevada', 'COUNTY_Ouachita', 'COUNTY_San Patricio', 'COUNTY_Santa Rosa', 'COUNTY_Simpson', 'COUNTY_Smith', 'COUNTY_St. Landry', 'COUNTY_Tensas', 'COUNTY_Terrebonne', 'COUNTY_Tyler', 'COUNTY_Union', 'COUNTY_Vermilion', 'COUNTY_Wayne', 'COUNTY_Webster', 'COUNTY_Yazoo', 'PROVINCE_Gulf Coast-Offshore', 'PROVINCE_Louisiana-Mississippi Salt Basins', 'PROVINCE_Western Gulf', 'REGION_Gulf Coast', 'REGION_Gulf Coast-Offshore', 'WELLNAME_#11', 'WELLNAME_1 Alman Unit 7-3', 'WELLNAME_1 Blacksher Co 27-14', 'WELLNAME_1 Harrel Unit', 'WELLNAME_1 Humble Fee', 'WELLNAME_1 Rentz Trice 35-1', 'WELLNAME_15', 'WELLNAME_16', 'WELLNAME_18', 'WELLNAME_21-15-2', 'WELLNAME_23', 'WELLNAME_27', 'WELLNAME_28', 'WELLNAME_28-7-2', 'WELLNAME_33', 'WELLNAME_5', 'WELLNAME_A-9 Weeks Isl-ste Ut', 'WELLNAME_A. A. Burrell Fee #2', 'WELLNAME_A. A. Hodson #1', 'WELLNAME_A. G. Gallagher #3c', 'WELLNAME_A. Smith 1-x', 'WELLNAME_A. Viator No. 1', 'WELLNAME_A.R. Rucks #1', 'WELLNAME_Addie Martin #1', 'WELLNAME_Allen 2', 'WELLNAME_Allen Estate 20-7', 'WELLNAME_Alligator Point #1', 'WELLNAME_Alloway 1', 'WELLNAME_Angle #3', 'WELLNAME_B #1 Saint Regis', 'WELLNAME_BROCKMAN 1', 'WELLNAME_BURCHERS-H-G 1', 'WELLNAME_Bacot #5', 'WELLNAME_Baker O #1', 'WELLNAME_Banfield #1', 'WELLNAME_Barsodi #1', 'WELLNAME_Bates #c-1', 'WELLNAME_Beatly #1', 'WELLNAME_Bender Unit # 9 - 1', 'WELLNAME_Bender Unit #15 - 1', 'WELLNAME_Bender Unit 26 - 1', 'WELLNAME_Bernand #6', 'WELLNAME_Board Of Supervisors', 'WELLNAME_Brewer #1', 'WELLNAME_Brooks Fee #2e', 'WELLNAME_Burns A-2', 'WELLNAME_Burns C-1', 'WELLNAME_C STRAWN 1', 'WELLNAME_C. D. Helms 5-4', 'WELLNAME_C. J. Thibodeaux No. 1', 'WELLNAME_C. W. Farris #1', 'WELLNAME_C. Walker 2 Unit 2', 'WELLNAME_C.c. Haynes Et Al Unit 2 #1', 'WELLNAME_C.c. Haynes Etal Unit #2 No. 1', 'WELLNAME_Cabe - Henson 1', 'WELLNAME_CentralOilCo. 5-6', 'WELLNAME_Cozby #1', 'WELLNAME_DENMAN C-30', 'WELLNAME_David Lewis #2', 'WELLNAME_Davis A-1', 'WELLNAME_Dry Bayou Swds 2', 'WELLNAME_Dunn E. L. #2', 'WELLNAME_E. A. Bearden 1', 'WELLNAME_E. A. Bearden 2', 'WELLNAME_E. Broussard #9', 'WELLNAME_E. Dugas #6', 'WELLNAME_E. Dugas #7', 'WELLNAME_E. T. Soileau No. 1', 'WELLNAME_E.k. Gladney #1', 'WELLNAME_E.m. Stelly #1', 'WELLNAME_Elliot Stagg 26-5', 'WELLNAME_Emil Korenik B #1-T', 'WELLNAME_Emma Hastadt #5 Ut', 'WELLNAME_Estellete No. 1', 'WELLNAME_Evans A #1', 'WELLNAME_F W BOYD 2', 'WELLNAME_F. M. Snowden 1-s Swdw', 'WELLNAME_Fannie S. Sanders #1', 'WELLNAME_Fortson #1', 'WELLNAME_Frost F-2', 'WELLNAME_G.W. ALLEN 8', 'WELLNAME_G.f. Butler #2', 'WELLNAME_GERBERT 2', 'WELLNAME_Gardiner # 1', 'WELLNAME_Gardiner #1', 'WELLNAME_Garrett Unit G #1', 'WELLNAME_GeigerCupp Unit 9-13 no. 1', 'WELLNAME_Geoi West #31', 'WELLNAME_Gray Hickey No. 1', 'WELLNAME_H. S. Wynn Etal Unit No. 1', 'WELLNAME_H.L. Peterson #1 (Anshutz)', 'WELLNAME_H.a. Fowler Et Al #1-a', 'WELLNAME_H.h. Campbell #2', 'WELLNAME_H.l. Haynes Et Al Unit No. 1', 'WELLNAME_H.s. Wynn Et Al Unit #1', 'WELLNAME_Harris C-1', 'WELLNAME_Heinsohn #1', 'WELLNAME_Hillard Y2 Gas Unit 1-ut', 'WELLNAME_Homer Currie No. 6', 'WELLNAME_Houston K1', 'WELLNAME_International Paper Company A-1', 'WELLNAME_J C WALLACE 4', 'WELLNAME_J Filmore Etal', 'WELLNAME_J. Bourgue No. 1', 'WELLNAME_J. E. Jackson 40-1', 'WELLNAME_J. M. Bannister 1', 'WELLNAME_J. S. Nolen #1', 'WELLNAME_J. T. Gilbert #1', 'WELLNAME_J. W. Arcenaux No. 1', 'WELLNAME_J.b. Owens #5', 'WELLNAME_Jessie Allen Well no. 1-N', 'WELLNAME_Jimerson 4-6', 'WELLNAME_Johnson B-1', 'WELLNAME_Joseph T. Curry No. 1', 'WELLNAME_KULAWICK 2', 'WELLNAME_Kadison 1', 'WELLNAME_King Estate Unit #1', 'WELLNAME_King Unit B No. 1', 'WELLNAME_Kitchen #1', 'WELLNAME_Kresling #1', 'WELLNAME_L. A. Longino No. 1', 'WELLNAME_L. C. Doney Jr #1', 'WELLNAME_Ladelta Lbr. Co. No. F-1', 'WELLNAME_Lear Kolemay #1', 'WELLNAME_Levees Creek Swds 1', 'WELLNAME_Lita P. Ward A #2', 'WELLNAME_Luta P. Ward A #1', 'WELLNAME_M-17', 'WELLNAME_M. G. Novarre No. 1', 'WELLNAME_Mance-lowe #1', 'WELLNAME_Mary B. Holmes No. 1', 'WELLNAME_Mary Mcconnell No. 6-d', 'WELLNAME_McKamey B-5', 'WELLNAME_Midway Unit Tract 11 - 4', 'WELLNAME_Midway Unit Tract, 11 - 5', 'WELLNAME_Ms Mclaughlin #1', 'WELLNAME_No. 1', 'WELLNAME_No. 2', 'WELLNAME_Norman Hurd # 40', 'WELLNAME_Norman Hurd #19', 'WELLNAME_Norman Hurd #34', 'WELLNAME_O LIEKE 1', ""WELLNAME_O'bier #1"", 'WELLNAME_O. C. Nelson Fee #2k', 'WELLNAME_O. C. Nelson Fee #75', 'WELLNAME_O. C. Nelson Fee #7c', 'WELLNAME_Olin-brown No. 7-t', 'WELLNAME_Orchards Unit 6 #1', 'WELLNAME_Orchards Unit 9 #1', 'WELLNAME_P. C. Risher Swdw 1-s', 'WELLNAME_PETTUS 6', 'WELLNAME_PHARR FWU #3', 'WELLNAME_Pat Wyche 2ff #2-4', 'WELLNAME_Patterson 1', 'WELLNAME_Pleasant Bayou #2', 'WELLNAME_Portland Gas Un/cl #1', 'WELLNAME_Red River Bay Swds 3', 'WELLNAME_Roberson 1', 'WELLNAME_Rose 1', 'WELLNAME_Russell #1', 'WELLNAME_S. P. Brown Estate 1', 'WELLNAME_SaraBemis-1D', 'WELLNAME_Scaife #1', 'WELLNAME_Scales 1', 'WELLNAME_Schenck #3', 'WELLNAME_Sharp No. 10', 'WELLNAME_Shores A No. 1', 'WELLNAME_Silsbee Gas Unit', 'WELLNAME_Silverberg B-1', 'WELLNAME_Simon No. 1', 'WELLNAME_Sink Cub; Greer #1', 'WELLNAME_Sog #a-3', 'WELLNAME_Sog #a1', 'WELLNAME_Sog #ia', 'WELLNAME_Sosthene Traham', 'WELLNAME_Spears #1', 'WELLNAME_State Tract 377 # 1', 'WELLNAME_Stella M. Roberts #1', 'WELLNAME_T. Cushing #e-1', 'WELLNAME_T. E. Holt D', 'WELLNAME_T. Martin Fee #5', 'WELLNAME_T. Martin No. 1', 'WELLNAME_T.H. Lucky No. 1', 'WELLNAME_Taylor E #2', 'WELLNAME_Taylor E-2', 'WELLNAME_Taylor, G. W. A/c 6g #1', 'WELLNAME_Tony No. 1', 'WELLNAME_Tony No. 2', 'WELLNAME_Trice #1', 'WELLNAME_U.s.a. Clear Springs Swds 2', 'WELLNAME_U.s.a. No. B-5', 'WELLNAME_V.g. Harper No. 1', 'WELLNAME_W. H. Bennett #4', 'WELLNAME_W. Pettijean No. 1', 'WELLNAME_W.A. Moller B 11R', 'WELLNAME_W.L. West 6-11 No. 1', 'WELLNAME_W.L. West 6-6 No. 1', 'WELLNAME_W.M. Geiger no. 2-1', 'WELLNAME_WIATREK 1', 'WELLNAME_Walker 2 Unit 1-1', 'WELLNAME_Washington - Mitchell', 'WELLNAME_Waters #1', 'WELLNAME_Weeks Etal #2', 'WELLNAME_Weems 22-2', 'WELLNAME_Well No. 1', 'WELLNAME_Well No. 14', 'WELLNAME_Well No. 17', 'WELLNAME_Well No. 19', 'WELLNAME_Well No. 20', 'WELLNAME_Well No. 21', 'WELLNAME_Well No. 22', 'WELLNAME_Well No. 25', 'WELLNAME_Well No. 26', 'WELLNAME_Well No. 9', 'WELLNAME_Wilson 1', 'WELLNAME_Wise #1', 'WELLNAME_Woodard #b-1-d', 'PERIOD_Cretaceous', 'PERIOD_Jurassic', 'PERIOD_Neogene', 'PERIOD_Paleocene', 'PERIOD_Paleogene']","['linear', 'rbf', 'poly']",linear,"[0.1, 1, 10]",10.0,"[0.01, 0.1, 0.5]",0.01,54595.38,34478.23,185.68,49.62,0.37,25.37,52.24,67.16,77.61,2.54,14356.48,5.42,15.0,39.61,14735.0
02_wi_wc,Gulf Coast,222,343,"['TDS', 'LATITUDE', 'LONGITUDE', 'DEPTHUPPER', 'DEPTHLOWER', 'PH', 'B', 'Ba', 'Br', 'HCO3', 'Ca', 'Cl', 'FeTot', 'K', 'Mg', 'Na', 'SO4', 'Sr', 'Zn', 'CHARGEBAL', 'PLAYTYPE_Sedimentary', 'PLAYTYPE_Shale', 'WELLTYPE_Conventional Hydrocarbon', 'FORMSIMPLE_Anahuac', 'FORMSIMPLE_Annona', 'FORMSIMPLE_Bodcaw', 'FORMSIMPLE_Claiborne', 'FORMSIMPLE_Cotton Valley', 'FORMSIMPLE_Edwards', 'FORMSIMPLE_Eutaw', 'FORMSIMPLE_Fredericksburg', 'FORMSIMPLE_Frio', 'FORMSIMPLE_Hosston', 'FORMSIMPLE_Jackson', 'FORMSIMPLE_James', 'FORMSIMPLE_Miocene', 'FORMSIMPLE_Mooringsport', 'FORMSIMPLE_Nacatoch', 'FORMSIMPLE_Navarro', 'FORMSIMPLE_Norphlet', 'FORMSIMPLE_Paluxy', 'FORMSIMPLE_Pettet', 'FORMSIMPLE_Rodessa', 'FORMSIMPLE_Sligo', 'FORMSIMPLE_Smackover', 'FORMSIMPLE_Taylor', 'FORMSIMPLE_Tokio', 'FORMSIMPLE_Travis Peak', 'FORMSIMPLE_Tuscaloosa', 'FORMSIMPLE_Vicksburg', 'FORMSIMPLE_Washita', 'FORMSIMPLE_Wilcox', 'FORMSIMPLE_Yegua', 'STATE_Alabama', 'STATE_Arkansas', 'STATE_Florida', 'STATE_Louisiana', 'STATE_Mississippi', 'STATE_OffShore-Texas', 'STATE_Texas', 'COUNTY_Adams', 'COUNTY_Atascosa', 'COUNTY_Avoyelles', 'COUNTY_Bienville', 'COUNTY_Bossier', 'COUNTY_Brazoria', 'COUNTY_Caddo', 'COUNTY_Caldwell', 'COUNTY_Calhoun', 'COUNTY_Choctaw', 'COUNTY_Claiborne', 'COUNTY_Clarke', 'COUNTY_Colorado', 'COUNTY_Columbia', 'COUNTY_Concordia', 'COUNTY_De Soto', 'COUNTY_DeWitt', 'COUNTY_Escambia', 'COUNTY_Franklin', 'COUNTY_Galveston', 'COUNTY_Goliad', 'COUNTY_Gonzales', 'COUNTY_Grant', 'COUNTY_Guadalupe', 'COUNTY_Hardin', 'COUNTY_Hidalgo', 'COUNTY_Iberia', 'COUNTY_Jasper', 'COUNTY_Jefferson', 'COUNTY_Jim Hogg', 'COUNTY_Jones', 'COUNTY_Karnes', 'COUNTY_Kleberg', 'COUNTY_LaSalle', 'COUNTY_Lafayette', 'COUNTY_Lafourche', 'COUNTY_Lamar', 'COUNTY_Lincoln', 'COUNTY_Miller', 'COUNTY_Monroe', 'COUNTY_Montgomery', 'COUNTY_Nevada', 'COUNTY_Ouachita', 'COUNTY_San Patricio', 'COUNTY_Santa Rosa', 'COUNTY_Simpson', 'COUNTY_Smith', 'COUNTY_St. Landry', 'COUNTY_Tensas', 'COUNTY_Terrebonne', 'COUNTY_Tyler', 'COUNTY_Union', 'COUNTY_Vermilion', 'COUNTY_Wayne', 'COUNTY_Webster', 'COUNTY_Yazoo', 'PROVINCE_Gulf Coast-Offshore', 'PROVINCE_Louisiana-Mississippi Salt Basins', 'PROVINCE_Western Gulf', 'REGION_Gulf Coast', 'REGION_Gulf Coast-Offshore', 'WELLNAME_#11', 'WELLNAME_1 Alman Unit 7-3', 'WELLNAME_1 Blacksher Co 27-14', 'WELLNAME_1 Harrel Unit', 'WELLNAME_1 Humble Fee', 'WELLNAME_1 Rentz Trice 35-1', 'WELLNAME_15', 'WELLNAME_16', 'WELLNAME_18', 'WELLNAME_21-15-2', 'WELLNAME_23', 'WELLNAME_27', 'WELLNAME_28', 'WELLNAME_28-7-2', 'WELLNAME_33', 'WELLNAME_5', 'WELLNAME_A-9 Weeks Isl-ste Ut', 'WELLNAME_A. A. Burrell Fee #2', 'WELLNAME_A. A. Hodson #1', 'WELLNAME_A. G. Gallagher #3c', 'WELLNAME_A. Smith 1-x', 'WELLNAME_A. Viator No. 1', 'WELLNAME_A.R. Rucks #1', 'WELLNAME_Addie Martin #1', 'WELLNAME_Allen 2', 'WELLNAME_Allen Estate 20-7', 'WELLNAME_Alligator Point #1', 'WELLNAME_Alloway 1', 'WELLNAME_Angle #3', 'WELLNAME_B #1 Saint Regis', 'WELLNAME_BROCKMAN 1', 'WELLNAME_BURCHERS-H-G 1', 'WELLNAME_Bacot #5', 'WELLNAME_Baker O #1', 'WELLNAME_Banfield #1', 'WELLNAME_Barsodi #1', 'WELLNAME_Bates #c-1', 'WELLNAME_Beatly #1', 'WELLNAME_Bender Unit # 9 - 1', 'WELLNAME_Bender Unit #15 - 1', 'WELLNAME_Bender Unit 26 - 1', 'WELLNAME_Bernand #6', 'WELLNAME_Board Of Supervisors', 'WELLNAME_Brewer #1', 'WELLNAME_Brooks Fee #2e', 'WELLNAME_Burns A-2', 'WELLNAME_Burns C-1', 'WELLNAME_C STRAWN 1', 'WELLNAME_C. D. Helms 5-4', 'WELLNAME_C. J. Thibodeaux No. 1', 'WELLNAME_C. W. Farris #1', 'WELLNAME_C. Walker 2 Unit 2', 'WELLNAME_C.c. Haynes Et Al Unit 2 #1', 'WELLNAME_C.c. Haynes Etal Unit #2 No. 1', 'WELLNAME_Cabe - Henson 1', 'WELLNAME_CentralOilCo. 5-6', 'WELLNAME_Cozby #1', 'WELLNAME_DENMAN C-30', 'WELLNAME_David Lewis #2', 'WELLNAME_Davis A-1', 'WELLNAME_Dry Bayou Swds 2', 'WELLNAME_Dunn E. L. #2', 'WELLNAME_E. A. Bearden 1', 'WELLNAME_E. A. Bearden 2', 'WELLNAME_E. Broussard #9', 'WELLNAME_E. Dugas #6', 'WELLNAME_E. Dugas #7', 'WELLNAME_E. T. Soileau No. 1', 'WELLNAME_E.k. Gladney #1', 'WELLNAME_E.m. Stelly #1', 'WELLNAME_Elliot Stagg 26-5', 'WELLNAME_Emil Korenik B #1-T', 'WELLNAME_Emma Hastadt #5 Ut', 'WELLNAME_Estellete No. 1', 'WELLNAME_Evans A #1', 'WELLNAME_F W BOYD 2', 'WELLNAME_F. M. Snowden 1-s Swdw', 'WELLNAME_Fannie S. Sanders #1', 'WELLNAME_Fortson #1', 'WELLNAME_Frost F-2', 'WELLNAME_G.W. ALLEN 8', 'WELLNAME_G.f. Butler #2', 'WELLNAME_GERBERT 2', 'WELLNAME_Gardiner # 1', 'WELLNAME_Gardiner #1', 'WELLNAME_Garrett Unit G #1', 'WELLNAME_GeigerCupp Unit 9-13 no. 1', 'WELLNAME_Geoi West #31', 'WELLNAME_Gray Hickey No. 1', 'WELLNAME_H. S. Wynn Etal Unit No. 1', 'WELLNAME_H.L. Peterson #1 (Anshutz)', 'WELLNAME_H.a. Fowler Et Al #1-a', 'WELLNAME_H.h. Campbell #2', 'WELLNAME_H.l. Haynes Et Al Unit No. 1', 'WELLNAME_H.s. Wynn Et Al Unit #1', 'WELLNAME_Harris C-1', 'WELLNAME_Heinsohn #1', 'WELLNAME_Hillard Y2 Gas Unit 1-ut', 'WELLNAME_Homer Currie No. 6', 'WELLNAME_Houston K1', 'WELLNAME_International Paper Company A-1', 'WELLNAME_J C WALLACE 4', 'WELLNAME_J Filmore Etal', 'WELLNAME_J. Bourgue No. 1', 'WELLNAME_J. E. Jackson 40-1', 'WELLNAME_J. M. Bannister 1', 'WELLNAME_J. S. Nolen #1', 'WELLNAME_J. T. Gilbert #1', 'WELLNAME_J. W. Arcenaux No. 1', 'WELLNAME_J.b. Owens #5', 'WELLNAME_Jessie Allen Well no. 1-N', 'WELLNAME_Jimerson 4-6', 'WELLNAME_Johnson B-1', 'WELLNAME_Joseph T. Curry No. 1', 'WELLNAME_KULAWICK 2', 'WELLNAME_Kadison 1', 'WELLNAME_King Estate Unit #1', 'WELLNAME_King Unit B No. 1', 'WELLNAME_Kitchen #1', 'WELLNAME_Kresling #1', 'WELLNAME_L. A. Longino No. 1', 'WELLNAME_L. C. Doney Jr #1', 'WELLNAME_Ladelta Lbr. Co. No. F-1', 'WELLNAME_Lear Kolemay #1', 'WELLNAME_Levees Creek Swds 1', 'WELLNAME_Lita P. Ward A #2', 'WELLNAME_Luta P. Ward A #1', 'WELLNAME_M-17', 'WELLNAME_M. G. Novarre No. 1', 'WELLNAME_Mance-lowe #1', 'WELLNAME_Mary B. Holmes No. 1', 'WELLNAME_Mary Mcconnell No. 6-d', 'WELLNAME_McKamey B-5', 'WELLNAME_Midway Unit Tract 11 - 4', 'WELLNAME_Midway Unit Tract, 11 - 5', 'WELLNAME_Ms Mclaughlin #1', 'WELLNAME_No. 1', 'WELLNAME_No. 2', 'WELLNAME_Norman Hurd # 40', 'WELLNAME_Norman Hurd #19', 'WELLNAME_Norman Hurd #34', 'WELLNAME_O LIEKE 1', ""WELLNAME_O'bier #1"", 'WELLNAME_O. C. Nelson Fee #2k', 'WELLNAME_O. C. Nelson Fee #75', 'WELLNAME_O. C. Nelson Fee #7c', 'WELLNAME_Olin-brown No. 7-t', 'WELLNAME_Orchards Unit 6 #1', 'WELLNAME_Orchards Unit 9 #1', 'WELLNAME_P. C. Risher Swdw 1-s', 'WELLNAME_PETTUS 6', 'WELLNAME_PHARR FWU #3', 'WELLNAME_Pat Wyche 2ff #2-4', 'WELLNAME_Patterson 1', 'WELLNAME_Pleasant Bayou #2', 'WELLNAME_Portland Gas Un/cl #1', 'WELLNAME_Red River Bay Swds 3', 'WELLNAME_Roberson 1', 'WELLNAME_Rose 1', 'WELLNAME_Russell #1', 'WELLNAME_S. P. Brown Estate 1', 'WELLNAME_SaraBemis-1D', 'WELLNAME_Scaife #1', 'WELLNAME_Scales 1', 'WELLNAME_Schenck #3', 'WELLNAME_Sharp No. 10', 'WELLNAME_Shores A No. 1', 'WELLNAME_Silsbee Gas Unit', 'WELLNAME_Silverberg B-1', 'WELLNAME_Simon No. 1', 'WELLNAME_Sink Cub; Greer #1', 'WELLNAME_Sog #a-3', 'WELLNAME_Sog #a1', 'WELLNAME_Sog #ia', 'WELLNAME_Sosthene Traham', 'WELLNAME_Spears #1', 'WELLNAME_State Tract 377 # 1', 'WELLNAME_Stella M. Roberts #1', 'WELLNAME_T. Cushing #e-1', 'WELLNAME_T. E. Holt D', 'WELLNAME_T. Martin Fee #5', 'WELLNAME_T. Martin No. 1', 'WELLNAME_T.H. Lucky No. 1', 'WELLNAME_Taylor E #2', 'WELLNAME_Taylor E-2', 'WELLNAME_Taylor, G. W. A/c 6g #1', 'WELLNAME_Tony No. 1', 'WELLNAME_Tony No. 2', 'WELLNAME_Trice #1', 'WELLNAME_U.s.a. Clear Springs Swds 2', 'WELLNAME_U.s.a. No. B-5', 'WELLNAME_V.g. Harper No. 1', 'WELLNAME_W. H. Bennett #4', 'WELLNAME_W. Pettijean No. 1', 'WELLNAME_W.A. Moller B 11R', 'WELLNAME_W.L. West 6-11 No. 1', 'WELLNAME_W.L. West 6-6 No. 1', 'WELLNAME_W.M. Geiger no. 2-1', 'WELLNAME_WIATREK 1', 'WELLNAME_Walker 2 Unit 1-1', 'WELLNAME_Washington - Mitchell', 'WELLNAME_Waters #1', 'WELLNAME_Weeks Etal #2', 'WELLNAME_Weems 22-2', 'WELLNAME_Well No. 1', 'WELLNAME_Well No. 14', 'WELLNAME_Well No. 17', 'WELLNAME_Well No. 19', 'WELLNAME_Well No. 20', 'WELLNAME_Well No. 21', 'WELLNAME_Well No. 22', 'WELLNAME_Well No. 25', 'WELLNAME_Well No. 26', 'WELLNAME_Well No. 9', 'WELLNAME_Wilson 1', 'WELLNAME_Wise #1', 'WELLNAME_Woodard #b-1-d', 'PERIOD_Cretaceous', 'PERIOD_Jurassic', 'PERIOD_Neogene', 'PERIOD_Paleocene', 'PERIOD_Paleogene']","['linear', 'rbf', 'poly', 'sigmoid']",linear,"[0.1, 0.5, 1, 5, 10, 50, 100]",5.0,"[0.01, 0.05, 0.1, 0.2, 0.5]",0.01,54595.38,35026.47,187.15,50.39,0.36,25.37,55.22,64.18,79.1,1.01,13810.73,5.34,13.6,45.78,14813.12
02_pca,Gulf Coast,888,15,"['PC1', 'PC2', 'PC3', 'PC4', 'PC5', 'PC6', 'PC7', 'PC8', 'PC9', 'PC10', 'PC11', 'PC12', 'PC13', 'PC14', 'PC15']","['linear', 'rbf', 'poly', 'sigmoid']",rbf,"[0.1, 0.5, 1, 5, 10, 50, 100]",100.0,"[0.01, 0.05, 0.1, 0.2, 0.5]",0.5,16797.04,10737.26,103.62,15.36,0.36,46.82,71.91,78.28,91.39,0.26,1544.83,0.98,2.95,10.39,4703.4
07_pca,Gulf Coast,888,15,"['PC1', 'PC2', 'PC3', 'PC4', 'PC5', 'PC6', 'PC7', 'PC8', 'PC9', 'PC10', 'PC11', 'PC12', 'PC13', 'PC14', 'PC15']","['rbf', 'poly']",rbf,"[10, 20, 30, 40, 50]",50.0,"[0.1, 0.2, 0.3, 0.4, 0.5]",0.5,19313.62,12738.15,112.86,16.69,0.34,50.0,71.62,78.83,91.44,0.43,1582.19,0.96,2.71,10.4,4753.4
03_pca,Gulf Coast,888,15,"['PC1', 'PC2', 'PC3', 'PC4', 'PC5', 'PC6', 'PC7', 'PC8', 'PC9', 'PC10', 'PC11', 'PC12', 'PC13', 'PC14', 'PC15']","['rbf', 'poly', 'sigmoid']",rbf,"[0.1, 0.5, 1, 5, 10, 50]",50.0,"[0.01, 0.05, 0.1, 0.2]",0.2,19313.62,12733.49,112.84,16.69,0.34,50.45,72.07,78.83,91.44,0.78,1538.96,0.93,2.67,10.61,4752.45
01_pca,Gulf Coast,888,15,"['PC1', 'PC2', 'PC3', 'PC4', 'PC5', 'PC6', 'PC7', 'PC8', 'PC9', 'PC10', 'PC11', 'PC12', 'PC13', 'PC14', 'PC15']","['linear', 'rbf', 'poly']",poly,"[0.1, 1, 10]",1.0,"[0.01, 0.1, 0.5]",0.5,16797.04,11098.96,105.35,24.51,0.34,27.34,61.8,67.42,78.28,0.3,874.13,2.55,4.61,21.59,5375.06
04_pca,Gulf Coast,888,15,"['PC1', 'PC2', 'PC3', 'PC4', 'PC5', 'PC6', 'PC7', 'PC8', 'PC9', 'PC10', 'PC11', 'PC12', 'PC13', 'PC14', 'PC15']","['rbf', 'poly', 'sigmoid']",poly,"[0.1, 0.5, 1, 5, 10]",1.0,"[0.01, 0.05, 0.1]",0.1,19313.62,13093.41,114.43,25.43,0.32,29.73,64.41,68.47,79.73,0.28,840.68,2.36,4.31,21.38,5138.58
06_pca,Gulf Coast,888,15,"['PC1', 'PC2', 'PC3', 'PC4', 'PC5', 'PC6', 'PC7', 'PC8', 'PC9', 'PC10', 'PC11', 'PC12', 'PC13', 'PC14', 'PC15']","['rbf', 'poly', 'sigmoid']",rbf,"[10, 50, 100, 150, 200]",200.0,"[0.1, 0.2, 0.3, 0.4, 0.5]",0.4,19313.62,13109.02,114.49,15.92,0.32,51.35,73.87,78.38,92.79,0.01,1567.18,0.94,2.47,9.38,4266.12
05_wi_wc,Gulf Coast,222,343,"['TDS', 'LATITUDE', 'LONGITUDE', 'DEPTHUPPER', 'DEPTHLOWER', 'PH', 'B', 'Ba', 'Br', 'HCO3', 'Ca', 'Cl', 'FeTot', 'K', 'Mg', 'Na', 'SO4', 'Sr', 'Zn', 'CHARGEBAL', 'PLAYTYPE_Sedimentary', 'PLAYTYPE_Shale', 'WELLTYPE_Conventional Hydrocarbon', 'FORMSIMPLE_Anahuac', 'FORMSIMPLE_Annona', 'FORMSIMPLE_Bodcaw', 'FORMSIMPLE_Claiborne', 'FORMSIMPLE_Cotton Valley', 'FORMSIMPLE_Edwards', 'FORMSIMPLE_Eutaw', 'FORMSIMPLE_Fredericksburg', 'FORMSIMPLE_Frio', 'FORMSIMPLE_Hosston', 'FORMSIMPLE_Jackson', 'FORMSIMPLE_James', 'FORMSIMPLE_Miocene', 'FORMSIMPLE_Mooringsport', 'FORMSIMPLE_Nacatoch', 'FORMSIMPLE_Navarro', 'FORMSIMPLE_Norphlet', 'FORMSIMPLE_Paluxy', 'FORMSIMPLE_Pettet', 'FORMSIMPLE_Rodessa', 'FORMSIMPLE_Sligo', 'FORMSIMPLE_Smackover', 'FORMSIMPLE_Taylor', 'FORMSIMPLE_Tokio', 'FORMSIMPLE_Travis Peak', 'FORMSIMPLE_Tuscaloosa', 'FORMSIMPLE_Vicksburg', 'FORMSIMPLE_Washita', 'FORMSIMPLE_Wilcox', 'FORMSIMPLE_Yegua', 'STATE_Alabama', 'STATE_Arkansas', 'STATE_Florida', 'STATE_Louisiana', 'STATE_Mississippi', 'STATE_OffShore-Texas', 'STATE_Texas', 'COUNTY_Adams', 'COUNTY_Atascosa', 'COUNTY_Avoyelles', 'COUNTY_Bienville', 'COUNTY_Bossier', 'COUNTY_Brazoria', 'COUNTY_Caddo', 'COUNTY_Caldwell', 'COUNTY_Calhoun', 'COUNTY_Choctaw', 'COUNTY_Claiborne', 'COUNTY_Clarke', 'COUNTY_Colorado', 'COUNTY_Columbia', 'COUNTY_Concordia', 'COUNTY_De Soto', 'COUNTY_DeWitt', 'COUNTY_Escambia', 'COUNTY_Franklin', 'COUNTY_Galveston', 'COUNTY_Goliad', 'COUNTY_Gonzales', 'COUNTY_Grant', 'COUNTY_Guadalupe', 'COUNTY_Hardin', 'COUNTY_Hidalgo', 'COUNTY_Iberia', 'COUNTY_Jasper', 'COUNTY_Jefferson', 'COUNTY_Jim Hogg', 'COUNTY_Jones', 'COUNTY_Karnes', 'COUNTY_Kleberg', 'COUNTY_LaSalle', 'COUNTY_Lafayette', 'COUNTY_Lafourche', 'COUNTY_Lamar', 'COUNTY_Lincoln', 'COUNTY_Miller', 'COUNTY_Monroe', 'COUNTY_Montgomery', 'COUNTY_Nevada', 'COUNTY_Ouachita', 'COUNTY_San Patricio', 'COUNTY_Santa Rosa', 'COUNTY_Simpson', 'COUNTY_Smith', 'COUNTY_St. Landry', 'COUNTY_Tensas', 'COUNTY_Terrebonne', 'COUNTY_Tyler', 'COUNTY_Union', 'COUNTY_Vermilion', 'COUNTY_Wayne', 'COUNTY_Webster', 'COUNTY_Yazoo', 'PROVINCE_Gulf Coast-Offshore', 'PROVINCE_Louisiana-Mississippi Salt Basins', 'PROVINCE_Western Gulf', 'REGION_Gulf Coast', 'REGION_Gulf Coast-Offshore', 'WELLNAME_#11', 'WELLNAME_1 Alman Unit 7-3', 'WELLNAME_1 Blacksher Co 27-14', 'WELLNAME_1 Harrel Unit', 'WELLNAME_1 Humble Fee', 'WELLNAME_1 Rentz Trice 35-1', 'WELLNAME_15', 'WELLNAME_16', 'WELLNAME_18', 'WELLNAME_21-15-2', 'WELLNAME_23', 'WELLNAME_27', 'WELLNAME_28', 'WELLNAME_28-7-2', 'WELLNAME_33', 'WELLNAME_5', 'WELLNAME_A-9 Weeks Isl-ste Ut', 'WELLNAME_A. A. Burrell Fee #2', 'WELLNAME_A. A. Hodson #1', 'WELLNAME_A. G. Gallagher #3c', 'WELLNAME_A. Smith 1-x', 'WELLNAME_A. Viator No. 1', 'WELLNAME_A.R. Rucks #1', 'WELLNAME_Addie Martin #1', 'WELLNAME_Allen 2', 'WELLNAME_Allen Estate 20-7', 'WELLNAME_Alligator Point #1', 'WELLNAME_Alloway 1', 'WELLNAME_Angle #3', 'WELLNAME_B #1 Saint Regis', 'WELLNAME_BROCKMAN 1', 'WELLNAME_BURCHERS-H-G 1', 'WELLNAME_Bacot #5', 'WELLNAME_Baker O #1', 'WELLNAME_Banfield #1', 'WELLNAME_Barsodi #1', 'WELLNAME_Bates #c-1', 'WELLNAME_Beatly #1', 'WELLNAME_Bender Unit # 9 - 1', 'WELLNAME_Bender Unit #15 - 1', 'WELLNAME_Bender Unit 26 - 1', 'WELLNAME_Bernand #6', 'WELLNAME_Board Of Supervisors', 'WELLNAME_Brewer #1', 'WELLNAME_Brooks Fee #2e', 'WELLNAME_Burns A-2', 'WELLNAME_Burns C-1', 'WELLNAME_C STRAWN 1', 'WELLNAME_C. D. Helms 5-4', 'WELLNAME_C. J. Thibodeaux No. 1', 'WELLNAME_C. W. Farris #1', 'WELLNAME_C. Walker 2 Unit 2', 'WELLNAME_C.c. Haynes Et Al Unit 2 #1', 'WELLNAME_C.c. Haynes Etal Unit #2 No. 1', 'WELLNAME_Cabe - Henson 1', 'WELLNAME_CentralOilCo. 5-6', 'WELLNAME_Cozby #1', 'WELLNAME_DENMAN C-30', 'WELLNAME_David Lewis #2', 'WELLNAME_Davis A-1', 'WELLNAME_Dry Bayou Swds 2', 'WELLNAME_Dunn E. L. #2', 'WELLNAME_E. A. Bearden 1', 'WELLNAME_E. A. Bearden 2', 'WELLNAME_E. Broussard #9', 'WELLNAME_E. Dugas #6', 'WELLNAME_E. Dugas #7', 'WELLNAME_E. T. Soileau No. 1', 'WELLNAME_E.k. Gladney #1', 'WELLNAME_E.m. Stelly #1', 'WELLNAME_Elliot Stagg 26-5', 'WELLNAME_Emil Korenik B #1-T', 'WELLNAME_Emma Hastadt #5 Ut', 'WELLNAME_Estellete No. 1', 'WELLNAME_Evans A #1', 'WELLNAME_F W BOYD 2', 'WELLNAME_F. M. Snowden 1-s Swdw', 'WELLNAME_Fannie S. Sanders #1', 'WELLNAME_Fortson #1', 'WELLNAME_Frost F-2', 'WELLNAME_G.W. ALLEN 8', 'WELLNAME_G.f. Butler #2', 'WELLNAME_GERBERT 2', 'WELLNAME_Gardiner # 1', 'WELLNAME_Gardiner #1', 'WELLNAME_Garrett Unit G #1', 'WELLNAME_GeigerCupp Unit 9-13 no. 1', 'WELLNAME_Geoi West #31', 'WELLNAME_Gray Hickey No. 1', 'WELLNAME_H. S. Wynn Etal Unit No. 1', 'WELLNAME_H.L. Peterson #1 (Anshutz)', 'WELLNAME_H.a. Fowler Et Al #1-a', 'WELLNAME_H.h. Campbell #2', 'WELLNAME_H.l. Haynes Et Al Unit No. 1', 'WELLNAME_H.s. Wynn Et Al Unit #1', 'WELLNAME_Harris C-1', 'WELLNAME_Heinsohn #1', 'WELLNAME_Hillard Y2 Gas Unit 1-ut', 'WELLNAME_Homer Currie No. 6', 'WELLNAME_Houston K1', 'WELLNAME_International Paper Company A-1', 'WELLNAME_J C WALLACE 4', 'WELLNAME_J Filmore Etal', 'WELLNAME_J. Bourgue No. 1', 'WELLNAME_J. E. Jackson 40-1', 'WELLNAME_J. M. Bannister 1', 'WELLNAME_J. S. Nolen #1', 'WELLNAME_J. T. Gilbert #1', 'WELLNAME_J. W. Arcenaux No. 1', 'WELLNAME_J.b. Owens #5', 'WELLNAME_Jessie Allen Well no. 1-N', 'WELLNAME_Jimerson 4-6', 'WELLNAME_Johnson B-1', 'WELLNAME_Joseph T. Curry No. 1', 'WELLNAME_KULAWICK 2', 'WELLNAME_Kadison 1', 'WELLNAME_King Estate Unit #1', 'WELLNAME_King Unit B No. 1', 'WELLNAME_Kitchen #1', 'WELLNAME_Kresling #1', 'WELLNAME_L. A. Longino No. 1', 'WELLNAME_L. C. Doney Jr #1', 'WELLNAME_Ladelta Lbr. Co. No. F-1', 'WELLNAME_Lear Kolemay #1', 'WELLNAME_Levees Creek Swds 1', 'WELLNAME_Lita P. Ward A #2', 'WELLNAME_Luta P. Ward A #1', 'WELLNAME_M-17', 'WELLNAME_M. G. Novarre No. 1', 'WELLNAME_Mance-lowe #1', 'WELLNAME_Mary B. Holmes No. 1', 'WELLNAME_Mary Mcconnell No. 6-d', 'WELLNAME_McKamey B-5', 'WELLNAME_Midway Unit Tract 11 - 4', 'WELLNAME_Midway Unit Tract, 11 - 5', 'WELLNAME_Ms Mclaughlin #1', 'WELLNAME_No. 1', 'WELLNAME_No. 2', 'WELLNAME_Norman Hurd # 40', 'WELLNAME_Norman Hurd #19', 'WELLNAME_Norman Hurd #34', 'WELLNAME_O LIEKE 1', ""WELLNAME_O'bier #1"", 'WELLNAME_O. C. Nelson Fee #2k', 'WELLNAME_O. C. Nelson Fee #75', 'WELLNAME_O. C. Nelson Fee #7c', 'WELLNAME_Olin-brown No. 7-t', 'WELLNAME_Orchards Unit 6 #1', 'WELLNAME_Orchards Unit 9 #1', 'WELLNAME_P. C. Risher Swdw 1-s', 'WELLNAME_PETTUS 6', 'WELLNAME_PHARR FWU #3', 'WELLNAME_Pat Wyche 2ff #2-4', 'WELLNAME_Patterson 1', 'WELLNAME_Pleasant Bayou #2', 'WELLNAME_Portland Gas Un/cl #1', 'WELLNAME_Red River Bay Swds 3', 'WELLNAME_Roberson 1', 'WELLNAME_Rose 1', 'WELLNAME_Russell #1', 'WELLNAME_S. P. Brown Estate 1', 'WELLNAME_SaraBemis-1D', 'WELLNAME_Scaife #1', 'WELLNAME_Scales 1', 'WELLNAME_Schenck #3', 'WELLNAME_Sharp No. 10', 'WELLNAME_Shores A No. 1', 'WELLNAME_Silsbee Gas Unit', 'WELLNAME_Silverberg B-1', 'WELLNAME_Simon No. 1', 'WELLNAME_Sink Cub; Greer #1', 'WELLNAME_Sog #a-3', 'WELLNAME_Sog #a1', 'WELLNAME_Sog #ia', 'WELLNAME_Sosthene Traham', 'WELLNAME_Spears #1', 'WELLNAME_State Tract 377 # 1', 'WELLNAME_Stella M. Roberts #1', 'WELLNAME_T. Cushing #e-1', 'WELLNAME_T. E. Holt D', 'WELLNAME_T. Martin Fee #5', 'WELLNAME_T. Martin No. 1', 'WELLNAME_T.H. Lucky No. 1', 'WELLNAME_Taylor E #2', 'WELLNAME_Taylor E-2', 'WELLNAME_Taylor, G. W. A/c 6g #1', 'WELLNAME_Tony No. 1', 'WELLNAME_Tony No. 2', 'WELLNAME_Trice #1', 'WELLNAME_U.s.a. Clear Springs Swds 2', 'WELLNAME_U.s.a. No. B-5', 'WELLNAME_V.g. Harper No. 1', 'WELLNAME_W. H. Bennett #4', 'WELLNAME_W. Pettijean No. 1', 'WELLNAME_W.A. Moller B 11R', 'WELLNAME_W.L. West 6-11 No. 1', 'WELLNAME_W.L. West 6-6 No. 1', 'WELLNAME_W.M. Geiger no. 2-1', 'WELLNAME_WIATREK 1', 'WELLNAME_Walker 2 Unit 1-1', 'WELLNAME_Washington - Mitchell', 'WELLNAME_Waters #1', 'WELLNAME_Weeks Etal #2', 'WELLNAME_Weems 22-2', 'WELLNAME_Well No. 1', 'WELLNAME_Well No. 14', 'WELLNAME_Well No. 17', 'WELLNAME_Well No. 19', 'WELLNAME_Well No. 20', 'WELLNAME_Well No. 21', 'WELLNAME_Well No. 22', 'WELLNAME_Well No. 25', 'WELLNAME_Well No. 26', 'WELLNAME_Well No. 9', 'WELLNAME_Wilson 1', 'WELLNAME_Wise #1', 'WELLNAME_Woodard #b-1-d', 'PERIOD_Cretaceous', 'PERIOD_Jurassic', 'PERIOD_Neogene', 'PERIOD_Paleocene', 'PERIOD_Paleogene']","['rbf', 'poly', 'sigmoid']",sigmoid,"[10, 50, 100, 150, 200]",200.0,"[0.1, 0.2, 0.3, 0.4, 0.5]",0.5,43574.37,30205.96,173.8,47.54,0.31,28.09,58.43,65.17,77.53,0.33,11596.72,3.61,11.54,31.35,18068.38
06_wi_wc,Gulf Coast,222,343,"['TDS', 'LATITUDE', 'LONGITUDE', 'DEPTHUPPER', 'DEPTHLOWER', 'PH', 'B', 'Ba', 'Br', 'HCO3', 'Ca', 'Cl', 'FeTot', 'K', 'Mg', 'Na', 'SO4', 'Sr', 'Zn', 'CHARGEBAL', 'PLAYTYPE_Sedimentary', 'PLAYTYPE_Shale', 'WELLTYPE_Conventional Hydrocarbon', 'FORMSIMPLE_Anahuac', 'FORMSIMPLE_Annona', 'FORMSIMPLE_Bodcaw', 'FORMSIMPLE_Claiborne', 'FORMSIMPLE_Cotton Valley', 'FORMSIMPLE_Edwards', 'FORMSIMPLE_Eutaw', 'FORMSIMPLE_Fredericksburg', 'FORMSIMPLE_Frio', 'FORMSIMPLE_Hosston', 'FORMSIMPLE_Jackson', 'FORMSIMPLE_James', 'FORMSIMPLE_Miocene', 'FORMSIMPLE_Mooringsport', 'FORMSIMPLE_Nacatoch', 'FORMSIMPLE_Navarro', 'FORMSIMPLE_Norphlet', 'FORMSIMPLE_Paluxy', 'FORMSIMPLE_Pettet', 'FORMSIMPLE_Rodessa', 'FORMSIMPLE_Sligo', 'FORMSIMPLE_Smackover', 'FORMSIMPLE_Taylor', 'FORMSIMPLE_Tokio', 'FORMSIMPLE_Travis Peak', 'FORMSIMPLE_Tuscaloosa', 'FORMSIMPLE_Vicksburg', 'FORMSIMPLE_Washita', 'FORMSIMPLE_Wilcox', 'FORMSIMPLE_Yegua', 'STATE_Alabama', 'STATE_Arkansas', 'STATE_Florida', 'STATE_Louisiana', 'STATE_Mississippi', 'STATE_OffShore-Texas', 'STATE_Texas', 'COUNTY_Adams', 'COUNTY_Atascosa', 'COUNTY_Avoyelles', 'COUNTY_Bienville', 'COUNTY_Bossier', 'COUNTY_Brazoria', 'COUNTY_Caddo', 'COUNTY_Caldwell', 'COUNTY_Calhoun', 'COUNTY_Choctaw', 'COUNTY_Claiborne', 'COUNTY_Clarke', 'COUNTY_Colorado', 'COUNTY_Columbia', 'COUNTY_Concordia', 'COUNTY_De Soto', 'COUNTY_DeWitt', 'COUNTY_Escambia', 'COUNTY_Franklin', 'COUNTY_Galveston', 'COUNTY_Goliad', 'COUNTY_Gonzales', 'COUNTY_Grant', 'COUNTY_Guadalupe', 'COUNTY_Hardin', 'COUNTY_Hidalgo', 'COUNTY_Iberia', 'COUNTY_Jasper', 'COUNTY_Jefferson', 'COUNTY_Jim Hogg', 'COUNTY_Jones', 'COUNTY_Karnes', 'COUNTY_Kleberg', 'COUNTY_LaSalle', 'COUNTY_Lafayette', 'COUNTY_Lafourche', 'COUNTY_Lamar', 'COUNTY_Lincoln', 'COUNTY_Miller', 'COUNTY_Monroe', 'COUNTY_Montgomery', 'COUNTY_Nevada', 'COUNTY_Ouachita', 'COUNTY_San Patricio', 'COUNTY_Santa Rosa', 'COUNTY_Simpson', 'COUNTY_Smith', 'COUNTY_St. Landry', 'COUNTY_Tensas', 'COUNTY_Terrebonne', 'COUNTY_Tyler', 'COUNTY_Union', 'COUNTY_Vermilion', 'COUNTY_Wayne', 'COUNTY_Webster', 'COUNTY_Yazoo', 'PROVINCE_Gulf Coast-Offshore', 'PROVINCE_Louisiana-Mississippi Salt Basins', 'PROVINCE_Western Gulf', 'REGION_Gulf Coast', 'REGION_Gulf Coast-Offshore', 'WELLNAME_#11', 'WELLNAME_1 Alman Unit 7-3', 'WELLNAME_1 Blacksher Co 27-14', 'WELLNAME_1 Harrel Unit', 'WELLNAME_1 Humble Fee', 'WELLNAME_1 Rentz Trice 35-1', 'WELLNAME_15', 'WELLNAME_16', 'WELLNAME_18', 'WELLNAME_21-15-2', 'WELLNAME_23', 'WELLNAME_27', 'WELLNAME_28', 'WELLNAME_28-7-2', 'WELLNAME_33', 'WELLNAME_5', 'WELLNAME_A-9 Weeks Isl-ste Ut', 'WELLNAME_A. A. Burrell Fee #2', 'WELLNAME_A. A. Hodson #1', 'WELLNAME_A. G. Gallagher #3c', 'WELLNAME_A. Smith 1-x', 'WELLNAME_A. Viator No. 1', 'WELLNAME_A.R. Rucks #1', 'WELLNAME_Addie Martin #1', 'WELLNAME_Allen 2', 'WELLNAME_Allen Estate 20-7', 'WELLNAME_Alligator Point #1', 'WELLNAME_Alloway 1', 'WELLNAME_Angle #3', 'WELLNAME_B #1 Saint Regis', 'WELLNAME_BROCKMAN 1', 'WELLNAME_BURCHERS-H-G 1', 'WELLNAME_Bacot #5', 'WELLNAME_Baker O #1', 'WELLNAME_Banfield #1', 'WELLNAME_Barsodi #1', 'WELLNAME_Bates #c-1', 'WELLNAME_Beatly #1', 'WELLNAME_Bender Unit # 9 - 1', 'WELLNAME_Bender Unit #15 - 1', 'WELLNAME_Bender Unit 26 - 1', 'WELLNAME_Bernand #6', 'WELLNAME_Board Of Supervisors', 'WELLNAME_Brewer #1', 'WELLNAME_Brooks Fee #2e', 'WELLNAME_Burns A-2', 'WELLNAME_Burns C-1', 'WELLNAME_C STRAWN 1', 'WELLNAME_C. D. Helms 5-4', 'WELLNAME_C. J. Thibodeaux No. 1', 'WELLNAME_C. W. Farris #1', 'WELLNAME_C. Walker 2 Unit 2', 'WELLNAME_C.c. Haynes Et Al Unit 2 #1', 'WELLNAME_C.c. Haynes Etal Unit #2 No. 1', 'WELLNAME_Cabe - Henson 1', 'WELLNAME_CentralOilCo. 5-6', 'WELLNAME_Cozby #1', 'WELLNAME_DENMAN C-30', 'WELLNAME_David Lewis #2', 'WELLNAME_Davis A-1', 'WELLNAME_Dry Bayou Swds 2', 'WELLNAME_Dunn E. L. #2', 'WELLNAME_E. A. Bearden 1', 'WELLNAME_E. A. Bearden 2', 'WELLNAME_E. Broussard #9', 'WELLNAME_E. Dugas #6', 'WELLNAME_E. Dugas #7', 'WELLNAME_E. T. Soileau No. 1', 'WELLNAME_E.k. Gladney #1', 'WELLNAME_E.m. Stelly #1', 'WELLNAME_Elliot Stagg 26-5', 'WELLNAME_Emil Korenik B #1-T', 'WELLNAME_Emma Hastadt #5 Ut', 'WELLNAME_Estellete No. 1', 'WELLNAME_Evans A #1', 'WELLNAME_F W BOYD 2', 'WELLNAME_F. M. Snowden 1-s Swdw', 'WELLNAME_Fannie S. Sanders #1', 'WELLNAME_Fortson #1', 'WELLNAME_Frost F-2', 'WELLNAME_G.W. ALLEN 8', 'WELLNAME_G.f. Butler #2', 'WELLNAME_GERBERT 2', 'WELLNAME_Gardiner # 1', 'WELLNAME_Gardiner #1', 'WELLNAME_Garrett Unit G #1', 'WELLNAME_GeigerCupp Unit 9-13 no. 1', 'WELLNAME_Geoi West #31', 'WELLNAME_Gray Hickey No. 1', 'WELLNAME_H. S. Wynn Etal Unit No. 1', 'WELLNAME_H.L. Peterson #1 (Anshutz)', 'WELLNAME_H.a. Fowler Et Al #1-a', 'WELLNAME_H.h. Campbell #2', 'WELLNAME_H.l. Haynes Et Al Unit No. 1', 'WELLNAME_H.s. Wynn Et Al Unit #1', 'WELLNAME_Harris C-1', 'WELLNAME_Heinsohn #1', 'WELLNAME_Hillard Y2 Gas Unit 1-ut', 'WELLNAME_Homer Currie No. 6', 'WELLNAME_Houston K1', 'WELLNAME_International Paper Company A-1', 'WELLNAME_J C WALLACE 4', 'WELLNAME_J Filmore Etal', 'WELLNAME_J. Bourgue No. 1', 'WELLNAME_J. E. Jackson 40-1', 'WELLNAME_J. M. Bannister 1', 'WELLNAME_J. S. Nolen #1', 'WELLNAME_J. T. Gilbert #1', 'WELLNAME_J. W. Arcenaux No. 1', 'WELLNAME_J.b. Owens #5', 'WELLNAME_Jessie Allen Well no. 1-N', 'WELLNAME_Jimerson 4-6', 'WELLNAME_Johnson B-1', 'WELLNAME_Joseph T. Curry No. 1', 'WELLNAME_KULAWICK 2', 'WELLNAME_Kadison 1', 'WELLNAME_King Estate Unit #1', 'WELLNAME_King Unit B No. 1', 'WELLNAME_Kitchen #1', 'WELLNAME_Kresling #1', 'WELLNAME_L. A. Longino No. 1', 'WELLNAME_L. C. Doney Jr #1', 'WELLNAME_Ladelta Lbr. Co. No. F-1', 'WELLNAME_Lear Kolemay #1', 'WELLNAME_Levees Creek Swds 1', 'WELLNAME_Lita P. Ward A #2', 'WELLNAME_Luta P. Ward A #1', 'WELLNAME_M-17', 'WELLNAME_M. G. Novarre No. 1', 'WELLNAME_Mance-lowe #1', 'WELLNAME_Mary B. Holmes No. 1', 'WELLNAME_Mary Mcconnell No. 6-d', 'WELLNAME_McKamey B-5', 'WELLNAME_Midway Unit Tract 11 - 4', 'WELLNAME_Midway Unit Tract, 11 - 5', 'WELLNAME_Ms Mclaughlin #1', 'WELLNAME_No. 1', 'WELLNAME_No. 2', 'WELLNAME_Norman Hurd # 40', 'WELLNAME_Norman Hurd #19', 'WELLNAME_Norman Hurd #34', 'WELLNAME_O LIEKE 1', ""WELLNAME_O'bier #1"", 'WELLNAME_O. C. Nelson Fee #2k', 'WELLNAME_O. C. Nelson Fee #75', 'WELLNAME_O. C. Nelson Fee #7c', 'WELLNAME_Olin-brown No. 7-t', 'WELLNAME_Orchards Unit 6 #1', 'WELLNAME_Orchards Unit 9 #1', 'WELLNAME_P. C. Risher Swdw 1-s', 'WELLNAME_PETTUS 6', 'WELLNAME_PHARR FWU #3', 'WELLNAME_Pat Wyche 2ff #2-4', 'WELLNAME_Patterson 1', 'WELLNAME_Pleasant Bayou #2', 'WELLNAME_Portland Gas Un/cl #1', 'WELLNAME_Red River Bay Swds 3', 'WELLNAME_Roberson 1', 'WELLNAME_Rose 1', 'WELLNAME_Russell #1', 'WELLNAME_S. P. Brown Estate 1', 'WELLNAME_SaraBemis-1D', 'WELLNAME_Scaife #1', 'WELLNAME_Scales 1', 'WELLNAME_Schenck #3', 'WELLNAME_Sharp No. 10', 'WELLNAME_Shores A No. 1', 'WELLNAME_Silsbee Gas Unit', 'WELLNAME_Silverberg B-1', 'WELLNAME_Simon No. 1', 'WELLNAME_Sink Cub; Greer #1', 'WELLNAME_Sog #a-3', 'WELLNAME_Sog #a1', 'WELLNAME_Sog #ia', 'WELLNAME_Sosthene Traham', 'WELLNAME_Spears #1', 'WELLNAME_State Tract 377 # 1', 'WELLNAME_Stella M. Roberts #1', 'WELLNAME_T. Cushing #e-1', 'WELLNAME_T. E. Holt D', 'WELLNAME_T. Martin Fee #5', 'WELLNAME_T. Martin No. 1', 'WELLNAME_T.H. Lucky No. 1', 'WELLNAME_Taylor E #2', 'WELLNAME_Taylor E-2', 'WELLNAME_Taylor, G. W. A/c 6g #1', 'WELLNAME_Tony No. 1', 'WELLNAME_Tony No. 2', 'WELLNAME_Trice #1', 'WELLNAME_U.s.a. Clear Springs Swds 2', 'WELLNAME_U.s.a. No. B-5', 'WELLNAME_V.g. Harper No. 1', 'WELLNAME_W. H. Bennett #4', 'WELLNAME_W. Pettijean No. 1', 'WELLNAME_W.A. Moller B 11R', 'WELLNAME_W.L. West 6-11 No. 1', 'WELLNAME_W.L. West 6-6 No. 1', 'WELLNAME_W.M. Geiger no. 2-1', 'WELLNAME_WIATREK 1', 'WELLNAME_Walker 2 Unit 1-1', 'WELLNAME_Washington - Mitchell', 'WELLNAME_Waters #1', 'WELLNAME_Weeks Etal #2', 'WELLNAME_Weems 22-2', 'WELLNAME_Well No. 1', 'WELLNAME_Well No. 14', 'WELLNAME_Well No. 17', 'WELLNAME_Well No. 19', 'WELLNAME_Well No. 20', 'WELLNAME_Well No. 21', 'WELLNAME_Well No. 22', 'WELLNAME_Well No. 25', 'WELLNAME_Well No. 26', 'WELLNAME_Well No. 9', 'WELLNAME_Wilson 1', 'WELLNAME_Wise #1', 'WELLNAME_Woodard #b-1-d', 'PERIOD_Cretaceous', 'PERIOD_Jurassic', 'PERIOD_Neogene', 'PERIOD_Paleocene', 'PERIOD_Paleogene']","['rbf', 'poly', 'sigmoid']",sigmoid,"[10, 50, 100, 150, 200]",200.0,"[0.1, 0.2, 0.3, 0.4, 0.5]",0.5,63788.99,46850.99,216.45,61.16,0.27,46.43,64.29,69.64,76.79,0.82,1064.89,3.13,9.41,55.23,15297.35
05_wi_nc_eo,Gulf Coast,435,15,"['TDS', 'PH', 'B', 'Ba', 'Br', 'HCO3', 'Ca', 'Cl', 'FeTot', 'K', 'Mg', 'Na', 'SO4', 'Sr', 'Zn']","['rbf', 'poly', 'sigmoid']",rbf,"[10, 50, 100, 150, 200]",200.0,"[0.1, 0.2, 0.3, 0.4, 0.5]",0.5,33425.18,25127.38,158.52,33.79,0.25,41.38,66.09,71.84,79.31,0.31,10501.68,1.41,4.02,19.0,3178.37
01_wi_nc_eo,Gulf Coast,435,15,"['TDS', 'PH', 'B', 'Ba', 'Br', 'HCO3', 'Ca', 'Cl', 'FeTot', 'K', 'Mg', 'Na', 'SO4', 'Sr', 'Zn']","['linear', 'rbf', 'poly']",poly,"[0.1, 1, 10]",10.0,"[0.01, 0.1, 0.5]",0.01,42148.16,32335.79,179.82,39.6,0.23,31.3,61.83,77.1,82.44,0.27,3582.54,2.27,6.52,14.76,3028.03
02_wi_nc_eo,Gulf Coast,435,15,"['TDS', 'PH', 'B', 'Ba', 'Br', 'HCO3', 'Ca', 'Cl', 'FeTot', 'K', 'Mg', 'Na', 'SO4', 'Sr', 'Zn']","['linear', 'rbf', 'poly', 'sigmoid']",rbf,"[0.1, 0.5, 1, 5, 10, 50, 100]",100.0,"[0.01, 0.05, 0.1, 0.2, 0.5]",0.01,42148.16,32602.85,180.56,36.64,0.23,50.38,74.81,81.68,85.5,0.16,10836.67,1.05,3.08,9.37,2790.34
04_wi_nc_eo,Gulf Coast,435,15,"['TDS', 'PH', 'B', 'Ba', 'Br', 'HCO3', 'Ca', 'Cl', 'FeTot', 'K', 'Mg', 'Na', 'SO4', 'Sr', 'Zn']","['rbf', 'poly', 'sigmoid']",poly,"[0.1, 0.5, 1, 5, 10]",10.0,"[0.01, 0.05, 0.1]",0.1,49772.98,38280.48,195.65,42.98,0.23,33.94,65.14,77.98,81.65,0.55,3424.11,2.17,6.0,15.11,2976.24
03_wi_nc_eo,Gulf Coast,435,15,"['TDS', 'PH', 'B', 'Ba', 'Br', 'HCO3', 'Ca', 'Cl', 'FeTot', 'K', 'Mg', 'Na', 'SO4', 'Sr', 'Zn']","['rbf', 'poly', 'sigmoid']",rbf,"[0.1, 0.5, 1, 5, 10, 50]",50.0,"[0.01, 0.05, 0.1, 0.2]",0.2,49772.98,38822.57,197.03,41.49,0.22,51.38,76.15,78.9,86.24,0.15,9676.76,1.23,3.15,7.91,2819.0
07_wi_nc_eo,Gulf Coast,435,15,"['TDS', 'PH', 'B', 'Ba', 'Br', 'HCO3', 'Ca', 'Cl', 'FeTot', 'K', 'Mg', 'Na', 'SO4', 'Sr', 'Zn']","['rbf', 'poly']",rbf,"[10, 20, 30, 40, 50]",50.0,"[0.1, 0.2, 0.3, 0.4, 0.5]",0.5,49772.98,38836.64,197.07,41.5,0.22,52.29,76.15,78.9,86.24,0.23,9608.74,1.28,2.84,8.11,2817.62
07_wi_wc,Gulf Coast,222,343,"['TDS', 'LATITUDE', 'LONGITUDE', 'DEPTHUPPER', 'DEPTHLOWER', 'PH', 'B', 'Ba', 'Br', 'HCO3', 'Ca', 'Cl', 'FeTot', 'K', 'Mg', 'Na', 'SO4', 'Sr', 'Zn', 'CHARGEBAL', 'PLAYTYPE_Sedimentary', 'PLAYTYPE_Shale', 'WELLTYPE_Conventional Hydrocarbon', 'FORMSIMPLE_Anahuac', 'FORMSIMPLE_Annona', 'FORMSIMPLE_Bodcaw', 'FORMSIMPLE_Claiborne', 'FORMSIMPLE_Cotton Valley', 'FORMSIMPLE_Edwards', 'FORMSIMPLE_Eutaw', 'FORMSIMPLE_Fredericksburg', 'FORMSIMPLE_Frio', 'FORMSIMPLE_Hosston', 'FORMSIMPLE_Jackson', 'FORMSIMPLE_James', 'FORMSIMPLE_Miocene', 'FORMSIMPLE_Mooringsport', 'FORMSIMPLE_Nacatoch', 'FORMSIMPLE_Navarro', 'FORMSIMPLE_Norphlet', 'FORMSIMPLE_Paluxy', 'FORMSIMPLE_Pettet', 'FORMSIMPLE_Rodessa', 'FORMSIMPLE_Sligo', 'FORMSIMPLE_Smackover', 'FORMSIMPLE_Taylor', 'FORMSIMPLE_Tokio', 'FORMSIMPLE_Travis Peak', 'FORMSIMPLE_Tuscaloosa', 'FORMSIMPLE_Vicksburg', 'FORMSIMPLE_Washita', 'FORMSIMPLE_Wilcox', 'FORMSIMPLE_Yegua', 'STATE_Alabama', 'STATE_Arkansas', 'STATE_Florida', 'STATE_Louisiana', 'STATE_Mississippi', 'STATE_OffShore-Texas', 'STATE_Texas', 'COUNTY_Adams', 'COUNTY_Atascosa', 'COUNTY_Avoyelles', 'COUNTY_Bienville', 'COUNTY_Bossier', 'COUNTY_Brazoria', 'COUNTY_Caddo', 'COUNTY_Caldwell', 'COUNTY_Calhoun', 'COUNTY_Choctaw', 'COUNTY_Claiborne', 'COUNTY_Clarke', 'COUNTY_Colorado', 'COUNTY_Columbia', 'COUNTY_Concordia', 'COUNTY_De Soto', 'COUNTY_DeWitt', 'COUNTY_Escambia', 'COUNTY_Franklin', 'COUNTY_Galveston', 'COUNTY_Goliad', 'COUNTY_Gonzales', 'COUNTY_Grant', 'COUNTY_Guadalupe', 'COUNTY_Hardin', 'COUNTY_Hidalgo', 'COUNTY_Iberia', 'COUNTY_Jasper', 'COUNTY_Jefferson', 'COUNTY_Jim Hogg', 'COUNTY_Jones', 'COUNTY_Karnes', 'COUNTY_Kleberg', 'COUNTY_LaSalle', 'COUNTY_Lafayette', 'COUNTY_Lafourche', 'COUNTY_Lamar', 'COUNTY_Lincoln', 'COUNTY_Miller', 'COUNTY_Monroe', 'COUNTY_Montgomery', 'COUNTY_Nevada', 'COUNTY_Ouachita', 'COUNTY_San Patricio', 'COUNTY_Santa Rosa', 'COUNTY_Simpson', 'COUNTY_Smith', 'COUNTY_St. Landry', 'COUNTY_Tensas', 'COUNTY_Terrebonne', 'COUNTY_Tyler', 'COUNTY_Union', 'COUNTY_Vermilion', 'COUNTY_Wayne', 'COUNTY_Webster', 'COUNTY_Yazoo', 'PROVINCE_Gulf Coast-Offshore', 'PROVINCE_Louisiana-Mississippi Salt Basins', 'PROVINCE_Western Gulf', 'REGION_Gulf Coast', 'REGION_Gulf Coast-Offshore', 'WELLNAME_#11', 'WELLNAME_1 Alman Unit 7-3', 'WELLNAME_1 Blacksher Co 27-14', 'WELLNAME_1 Harrel Unit', 'WELLNAME_1 Humble Fee', 'WELLNAME_1 Rentz Trice 35-1', 'WELLNAME_15', 'WELLNAME_16', 'WELLNAME_18', 'WELLNAME_21-15-2', 'WELLNAME_23', 'WELLNAME_27', 'WELLNAME_28', 'WELLNAME_28-7-2', 'WELLNAME_33', 'WELLNAME_5', 'WELLNAME_A-9 Weeks Isl-ste Ut', 'WELLNAME_A. A. Burrell Fee #2', 'WELLNAME_A. A. Hodson #1', 'WELLNAME_A. G. Gallagher #3c', 'WELLNAME_A. Smith 1-x', 'WELLNAME_A. Viator No. 1', 'WELLNAME_A.R. Rucks #1', 'WELLNAME_Addie Martin #1', 'WELLNAME_Allen 2', 'WELLNAME_Allen Estate 20-7', 'WELLNAME_Alligator Point #1', 'WELLNAME_Alloway 1', 'WELLNAME_Angle #3', 'WELLNAME_B #1 Saint Regis', 'WELLNAME_BROCKMAN 1', 'WELLNAME_BURCHERS-H-G 1', 'WELLNAME_Bacot #5', 'WELLNAME_Baker O #1', 'WELLNAME_Banfield #1', 'WELLNAME_Barsodi #1', 'WELLNAME_Bates #c-1', 'WELLNAME_Beatly #1', 'WELLNAME_Bender Unit # 9 - 1', 'WELLNAME_Bender Unit #15 - 1', 'WELLNAME_Bender Unit 26 - 1', 'WELLNAME_Bernand #6', 'WELLNAME_Board Of Supervisors', 'WELLNAME_Brewer #1', 'WELLNAME_Brooks Fee #2e', 'WELLNAME_Burns A-2', 'WELLNAME_Burns C-1', 'WELLNAME_C STRAWN 1', 'WELLNAME_C. D. Helms 5-4', 'WELLNAME_C. J. Thibodeaux No. 1', 'WELLNAME_C. W. Farris #1', 'WELLNAME_C. Walker 2 Unit 2', 'WELLNAME_C.c. Haynes Et Al Unit 2 #1', 'WELLNAME_C.c. Haynes Etal Unit #2 No. 1', 'WELLNAME_Cabe - Henson 1', 'WELLNAME_CentralOilCo. 5-6', 'WELLNAME_Cozby #1', 'WELLNAME_DENMAN C-30', 'WELLNAME_David Lewis #2', 'WELLNAME_Davis A-1', 'WELLNAME_Dry Bayou Swds 2', 'WELLNAME_Dunn E. L. #2', 'WELLNAME_E. A. Bearden 1', 'WELLNAME_E. A. Bearden 2', 'WELLNAME_E. Broussard #9', 'WELLNAME_E. Dugas #6', 'WELLNAME_E. Dugas #7', 'WELLNAME_E. T. Soileau No. 1', 'WELLNAME_E.k. Gladney #1', 'WELLNAME_E.m. Stelly #1', 'WELLNAME_Elliot Stagg 26-5', 'WELLNAME_Emil Korenik B #1-T', 'WELLNAME_Emma Hastadt #5 Ut', 'WELLNAME_Estellete No. 1', 'WELLNAME_Evans A #1', 'WELLNAME_F W BOYD 2', 'WELLNAME_F. M. Snowden 1-s Swdw', 'WELLNAME_Fannie S. Sanders #1', 'WELLNAME_Fortson #1', 'WELLNAME_Frost F-2', 'WELLNAME_G.W. ALLEN 8', 'WELLNAME_G.f. Butler #2', 'WELLNAME_GERBERT 2', 'WELLNAME_Gardiner # 1', 'WELLNAME_Gardiner #1', 'WELLNAME_Garrett Unit G #1', 'WELLNAME_GeigerCupp Unit 9-13 no. 1', 'WELLNAME_Geoi West #31', 'WELLNAME_Gray Hickey No. 1', 'WELLNAME_H. S. Wynn Etal Unit No. 1', 'WELLNAME_H.L. Peterson #1 (Anshutz)', 'WELLNAME_H.a. Fowler Et Al #1-a', 'WELLNAME_H.h. Campbell #2', 'WELLNAME_H.l. Haynes Et Al Unit No. 1', 'WELLNAME_H.s. Wynn Et Al Unit #1', 'WELLNAME_Harris C-1', 'WELLNAME_Heinsohn #1', 'WELLNAME_Hillard Y2 Gas Unit 1-ut', 'WELLNAME_Homer Currie No. 6', 'WELLNAME_Houston K1', 'WELLNAME_International Paper Company A-1', 'WELLNAME_J C WALLACE 4', 'WELLNAME_J Filmore Etal', 'WELLNAME_J. Bourgue No. 1', 'WELLNAME_J. E. Jackson 40-1', 'WELLNAME_J. M. Bannister 1', 'WELLNAME_J. S. Nolen #1', 'WELLNAME_J. T. Gilbert #1', 'WELLNAME_J. W. Arcenaux No. 1', 'WELLNAME_J.b. Owens #5', 'WELLNAME_Jessie Allen Well no. 1-N', 'WELLNAME_Jimerson 4-6', 'WELLNAME_Johnson B-1', 'WELLNAME_Joseph T. Curry No. 1', 'WELLNAME_KULAWICK 2', 'WELLNAME_Kadison 1', 'WELLNAME_King Estate Unit #1', 'WELLNAME_King Unit B No. 1', 'WELLNAME_Kitchen #1', 'WELLNAME_Kresling #1', 'WELLNAME_L. A. Longino No. 1', 'WELLNAME_L. C. Doney Jr #1', 'WELLNAME_Ladelta Lbr. Co. No. F-1', 'WELLNAME_Lear Kolemay #1', 'WELLNAME_Levees Creek Swds 1', 'WELLNAME_Lita P. Ward A #2', 'WELLNAME_Luta P. Ward A #1', 'WELLNAME_M-17', 'WELLNAME_M. G. Novarre No. 1', 'WELLNAME_Mance-lowe #1', 'WELLNAME_Mary B. Holmes No. 1', 'WELLNAME_Mary Mcconnell No. 6-d', 'WELLNAME_McKamey B-5', 'WELLNAME_Midway Unit Tract 11 - 4', 'WELLNAME_Midway Unit Tract, 11 - 5', 'WELLNAME_Ms Mclaughlin #1', 'WELLNAME_No. 1', 'WELLNAME_No. 2', 'WELLNAME_Norman Hurd # 40', 'WELLNAME_Norman Hurd #19', 'WELLNAME_Norman Hurd #34', 'WELLNAME_O LIEKE 1', ""WELLNAME_O'bier #1"", 'WELLNAME_O. C. Nelson Fee #2k', 'WELLNAME_O. C. Nelson Fee #75', 'WELLNAME_O. C. Nelson Fee #7c', 'WELLNAME_Olin-brown No. 7-t', 'WELLNAME_Orchards Unit 6 #1', 'WELLNAME_Orchards Unit 9 #1', 'WELLNAME_P. C. Risher Swdw 1-s', 'WELLNAME_PETTUS 6', 'WELLNAME_PHARR FWU #3', 'WELLNAME_Pat Wyche 2ff #2-4', 'WELLNAME_Patterson 1', 'WELLNAME_Pleasant Bayou #2', 'WELLNAME_Portland Gas Un/cl #1', 'WELLNAME_Red River Bay Swds 3', 'WELLNAME_Roberson 1', 'WELLNAME_Rose 1', 'WELLNAME_Russell #1', 'WELLNAME_S. P. Brown Estate 1', 'WELLNAME_SaraBemis-1D', 'WELLNAME_Scaife #1', 'WELLNAME_Scales 1', 'WELLNAME_Schenck #3', 'WELLNAME_Sharp No. 10', 'WELLNAME_Shores A No. 1', 'WELLNAME_Silsbee Gas Unit', 'WELLNAME_Silverberg B-1', 'WELLNAME_Simon No. 1', 'WELLNAME_Sink Cub; Greer #1', 'WELLNAME_Sog #a-3', 'WELLNAME_Sog #a1', 'WELLNAME_Sog #ia', 'WELLNAME_Sosthene Traham', 'WELLNAME_Spears #1', 'WELLNAME_State Tract 377 # 1', 'WELLNAME_Stella M. Roberts #1', 'WELLNAME_T. Cushing #e-1', 'WELLNAME_T. E. Holt D', 'WELLNAME_T. Martin Fee #5', 'WELLNAME_T. Martin No. 1', 'WELLNAME_T.H. Lucky No. 1', 'WELLNAME_Taylor E #2', 'WELLNAME_Taylor E-2', 'WELLNAME_Taylor, G. W. A/c 6g #1', 'WELLNAME_Tony No. 1', 'WELLNAME_Tony No. 2', 'WELLNAME_Trice #1', 'WELLNAME_U.s.a. Clear Springs Swds 2', 'WELLNAME_U.s.a. No. B-5', 'WELLNAME_V.g. Harper No. 1', 'WELLNAME_W. H. Bennett #4', 'WELLNAME_W. Pettijean No. 1', 'WELLNAME_W.A. Moller B 11R', 'WELLNAME_W.L. West 6-11 No. 1', 'WELLNAME_W.L. West 6-6 No. 1', 'WELLNAME_W.M. Geiger no. 2-1', 'WELLNAME_WIATREK 1', 'WELLNAME_Walker 2 Unit 1-1', 'WELLNAME_Washington - Mitchell', 'WELLNAME_Waters #1', 'WELLNAME_Weeks Etal #2', 'WELLNAME_Weems 22-2', 'WELLNAME_Well No. 1', 'WELLNAME_Well No. 14', 'WELLNAME_Well No. 17', 'WELLNAME_Well No. 19', 'WELLNAME_Well No. 20', 'WELLNAME_Well No. 21', 'WELLNAME_Well No. 22', 'WELLNAME_Well No. 25', 'WELLNAME_Well No. 26', 'WELLNAME_Well No. 9', 'WELLNAME_Wilson 1', 'WELLNAME_Wise #1', 'WELLNAME_Woodard #b-1-d', 'PERIOD_Cretaceous', 'PERIOD_Jurassic', 'PERIOD_Neogene', 'PERIOD_Paleocene', 'PERIOD_Paleogene']","['rbf', 'poly']",rbf,"[10, 20, 30, 40, 50]",50.0,"[0.1, 0.2, 0.3, 0.4, 0.5]",0.5,63788.99,49785.59,223.13,75.9,0.22,17.86,51.79,67.86,76.79,1.82,2577.1,8.06,16.5,52.65,20275.7
06_wi_nc_eo,Gulf Coast,435,15,"['TDS', 'PH', 'B', 'Ba', 'Br', 'HCO3', 'Ca', 'Cl', 'FeTot', 'K', 'Mg', 'Na', 'SO4', 'Sr', 'Zn']","['rbf', 'poly', 'sigmoid']",rbf,"[10, 50, 100, 150, 200]",200.0,"[0.1, 0.2, 0.3, 0.4, 0.5]",0.4,49772.98,39118.0,197.78,41.07,0.21,49.54,74.31,78.9,87.16,0.5,11630.41,1.19,3.74,10.37,2532.7
03_wi_wc,Gulf Coast,222,343,"['TDS', 'LATITUDE', 'LONGITUDE', 'DEPTHUPPER', 'DEPTHLOWER', 'PH', 'B', 'Ba', 'Br', 'HCO3', 'Ca', 'Cl', 'FeTot', 'K', 'Mg', 'Na', 'SO4', 'Sr', 'Zn', 'CHARGEBAL', 'PLAYTYPE_Sedimentary', 'PLAYTYPE_Shale', 'WELLTYPE_Conventional Hydrocarbon', 'FORMSIMPLE_Anahuac', 'FORMSIMPLE_Annona', 'FORMSIMPLE_Bodcaw', 'FORMSIMPLE_Claiborne', 'FORMSIMPLE_Cotton Valley', 'FORMSIMPLE_Edwards', 'FORMSIMPLE_Eutaw', 'FORMSIMPLE_Fredericksburg', 'FORMSIMPLE_Frio', 'FORMSIMPLE_Hosston', 'FORMSIMPLE_Jackson', 'FORMSIMPLE_James', 'FORMSIMPLE_Miocene', 'FORMSIMPLE_Mooringsport', 'FORMSIMPLE_Nacatoch', 'FORMSIMPLE_Navarro', 'FORMSIMPLE_Norphlet', 'FORMSIMPLE_Paluxy', 'FORMSIMPLE_Pettet', 'FORMSIMPLE_Rodessa', 'FORMSIMPLE_Sligo', 'FORMSIMPLE_Smackover', 'FORMSIMPLE_Taylor', 'FORMSIMPLE_Tokio', 'FORMSIMPLE_Travis Peak', 'FORMSIMPLE_Tuscaloosa', 'FORMSIMPLE_Vicksburg', 'FORMSIMPLE_Washita', 'FORMSIMPLE_Wilcox', 'FORMSIMPLE_Yegua', 'STATE_Alabama', 'STATE_Arkansas', 'STATE_Florida', 'STATE_Louisiana', 'STATE_Mississippi', 'STATE_OffShore-Texas', 'STATE_Texas', 'COUNTY_Adams', 'COUNTY_Atascosa', 'COUNTY_Avoyelles', 'COUNTY_Bienville', 'COUNTY_Bossier', 'COUNTY_Brazoria', 'COUNTY_Caddo', 'COUNTY_Caldwell', 'COUNTY_Calhoun', 'COUNTY_Choctaw', 'COUNTY_Claiborne', 'COUNTY_Clarke', 'COUNTY_Colorado', 'COUNTY_Columbia', 'COUNTY_Concordia', 'COUNTY_De Soto', 'COUNTY_DeWitt', 'COUNTY_Escambia', 'COUNTY_Franklin', 'COUNTY_Galveston', 'COUNTY_Goliad', 'COUNTY_Gonzales', 'COUNTY_Grant', 'COUNTY_Guadalupe', 'COUNTY_Hardin', 'COUNTY_Hidalgo', 'COUNTY_Iberia', 'COUNTY_Jasper', 'COUNTY_Jefferson', 'COUNTY_Jim Hogg', 'COUNTY_Jones', 'COUNTY_Karnes', 'COUNTY_Kleberg', 'COUNTY_LaSalle', 'COUNTY_Lafayette', 'COUNTY_Lafourche', 'COUNTY_Lamar', 'COUNTY_Lincoln', 'COUNTY_Miller', 'COUNTY_Monroe', 'COUNTY_Montgomery', 'COUNTY_Nevada', 'COUNTY_Ouachita', 'COUNTY_San Patricio', 'COUNTY_Santa Rosa', 'COUNTY_Simpson', 'COUNTY_Smith', 'COUNTY_St. Landry', 'COUNTY_Tensas', 'COUNTY_Terrebonne', 'COUNTY_Tyler', 'COUNTY_Union', 'COUNTY_Vermilion', 'COUNTY_Wayne', 'COUNTY_Webster', 'COUNTY_Yazoo', 'PROVINCE_Gulf Coast-Offshore', 'PROVINCE_Louisiana-Mississippi Salt Basins', 'PROVINCE_Western Gulf', 'REGION_Gulf Coast', 'REGION_Gulf Coast-Offshore', 'WELLNAME_#11', 'WELLNAME_1 Alman Unit 7-3', 'WELLNAME_1 Blacksher Co 27-14', 'WELLNAME_1 Harrel Unit', 'WELLNAME_1 Humble Fee', 'WELLNAME_1 Rentz Trice 35-1', 'WELLNAME_15', 'WELLNAME_16', 'WELLNAME_18', 'WELLNAME_21-15-2', 'WELLNAME_23', 'WELLNAME_27', 'WELLNAME_28', 'WELLNAME_28-7-2', 'WELLNAME_33', 'WELLNAME_5', 'WELLNAME_A-9 Weeks Isl-ste Ut', 'WELLNAME_A. A. Burrell Fee #2', 'WELLNAME_A. A. Hodson #1', 'WELLNAME_A. G. Gallagher #3c', 'WELLNAME_A. Smith 1-x', 'WELLNAME_A. Viator No. 1', 'WELLNAME_A.R. Rucks #1', 'WELLNAME_Addie Martin #1', 'WELLNAME_Allen 2', 'WELLNAME_Allen Estate 20-7', 'WELLNAME_Alligator Point #1', 'WELLNAME_Alloway 1', 'WELLNAME_Angle #3', 'WELLNAME_B #1 Saint Regis', 'WELLNAME_BROCKMAN 1', 'WELLNAME_BURCHERS-H-G 1', 'WELLNAME_Bacot #5', 'WELLNAME_Baker O #1', 'WELLNAME_Banfield #1', 'WELLNAME_Barsodi #1', 'WELLNAME_Bates #c-1', 'WELLNAME_Beatly #1', 'WELLNAME_Bender Unit # 9 - 1', 'WELLNAME_Bender Unit #15 - 1', 'WELLNAME_Bender Unit 26 - 1', 'WELLNAME_Bernand #6', 'WELLNAME_Board Of Supervisors', 'WELLNAME_Brewer #1', 'WELLNAME_Brooks Fee #2e', 'WELLNAME_Burns A-2', 'WELLNAME_Burns C-1', 'WELLNAME_C STRAWN 1', 'WELLNAME_C. D. Helms 5-4', 'WELLNAME_C. J. Thibodeaux No. 1', 'WELLNAME_C. W. Farris #1', 'WELLNAME_C. Walker 2 Unit 2', 'WELLNAME_C.c. Haynes Et Al Unit 2 #1', 'WELLNAME_C.c. Haynes Etal Unit #2 No. 1', 'WELLNAME_Cabe - Henson 1', 'WELLNAME_CentralOilCo. 5-6', 'WELLNAME_Cozby #1', 'WELLNAME_DENMAN C-30', 'WELLNAME_David Lewis #2', 'WELLNAME_Davis A-1', 'WELLNAME_Dry Bayou Swds 2', 'WELLNAME_Dunn E. L. #2', 'WELLNAME_E. A. Bearden 1', 'WELLNAME_E. A. Bearden 2', 'WELLNAME_E. Broussard #9', 'WELLNAME_E. Dugas #6', 'WELLNAME_E. Dugas #7', 'WELLNAME_E. T. Soileau No. 1', 'WELLNAME_E.k. Gladney #1', 'WELLNAME_E.m. Stelly #1', 'WELLNAME_Elliot Stagg 26-5', 'WELLNAME_Emil Korenik B #1-T', 'WELLNAME_Emma Hastadt #5 Ut', 'WELLNAME_Estellete No. 1', 'WELLNAME_Evans A #1', 'WELLNAME_F W BOYD 2', 'WELLNAME_F. M. Snowden 1-s Swdw', 'WELLNAME_Fannie S. Sanders #1', 'WELLNAME_Fortson #1', 'WELLNAME_Frost F-2', 'WELLNAME_G.W. ALLEN 8', 'WELLNAME_G.f. Butler #2', 'WELLNAME_GERBERT 2', 'WELLNAME_Gardiner # 1', 'WELLNAME_Gardiner #1', 'WELLNAME_Garrett Unit G #1', 'WELLNAME_GeigerCupp Unit 9-13 no. 1', 'WELLNAME_Geoi West #31', 'WELLNAME_Gray Hickey No. 1', 'WELLNAME_H. S. Wynn Etal Unit No. 1', 'WELLNAME_H.L. Peterson #1 (Anshutz)', 'WELLNAME_H.a. Fowler Et Al #1-a', 'WELLNAME_H.h. Campbell #2', 'WELLNAME_H.l. Haynes Et Al Unit No. 1', 'WELLNAME_H.s. Wynn Et Al Unit #1', 'WELLNAME_Harris C-1', 'WELLNAME_Heinsohn #1', 'WELLNAME_Hillard Y2 Gas Unit 1-ut', 'WELLNAME_Homer Currie No. 6', 'WELLNAME_Houston K1', 'WELLNAME_International Paper Company A-1', 'WELLNAME_J C WALLACE 4', 'WELLNAME_J Filmore Etal', 'WELLNAME_J. Bourgue No. 1', 'WELLNAME_J. E. Jackson 40-1', 'WELLNAME_J. M. Bannister 1', 'WELLNAME_J. S. Nolen #1', 'WELLNAME_J. T. Gilbert #1', 'WELLNAME_J. W. Arcenaux No. 1', 'WELLNAME_J.b. Owens #5', 'WELLNAME_Jessie Allen Well no. 1-N', 'WELLNAME_Jimerson 4-6', 'WELLNAME_Johnson B-1', 'WELLNAME_Joseph T. Curry No. 1', 'WELLNAME_KULAWICK 2', 'WELLNAME_Kadison 1', 'WELLNAME_King Estate Unit #1', 'WELLNAME_King Unit B No. 1', 'WELLNAME_Kitchen #1', 'WELLNAME_Kresling #1', 'WELLNAME_L. A. Longino No. 1', 'WELLNAME_L. C. Doney Jr #1', 'WELLNAME_Ladelta Lbr. Co. No. F-1', 'WELLNAME_Lear Kolemay #1', 'WELLNAME_Levees Creek Swds 1', 'WELLNAME_Lita P. Ward A #2', 'WELLNAME_Luta P. Ward A #1', 'WELLNAME_M-17', 'WELLNAME_M. G. Novarre No. 1', 'WELLNAME_Mance-lowe #1', 'WELLNAME_Mary B. Holmes No. 1', 'WELLNAME_Mary Mcconnell No. 6-d', 'WELLNAME_McKamey B-5', 'WELLNAME_Midway Unit Tract 11 - 4', 'WELLNAME_Midway Unit Tract, 11 - 5', 'WELLNAME_Ms Mclaughlin #1', 'WELLNAME_No. 1', 'WELLNAME_No. 2', 'WELLNAME_Norman Hurd # 40', 'WELLNAME_Norman Hurd #19', 'WELLNAME_Norman Hurd #34', 'WELLNAME_O LIEKE 1', ""WELLNAME_O'bier #1"", 'WELLNAME_O. C. Nelson Fee #2k', 'WELLNAME_O. C. Nelson Fee #75', 'WELLNAME_O. C. Nelson Fee #7c', 'WELLNAME_Olin-brown No. 7-t', 'WELLNAME_Orchards Unit 6 #1', 'WELLNAME_Orchards Unit 9 #1', 'WELLNAME_P. C. Risher Swdw 1-s', 'WELLNAME_PETTUS 6', 'WELLNAME_PHARR FWU #3', 'WELLNAME_Pat Wyche 2ff #2-4', 'WELLNAME_Patterson 1', 'WELLNAME_Pleasant Bayou #2', 'WELLNAME_Portland Gas Un/cl #1', 'WELLNAME_Red River Bay Swds 3', 'WELLNAME_Roberson 1', 'WELLNAME_Rose 1', 'WELLNAME_Russell #1', 'WELLNAME_S. P. Brown Estate 1', 'WELLNAME_SaraBemis-1D', 'WELLNAME_Scaife #1', 'WELLNAME_Scales 1', 'WELLNAME_Schenck #3', 'WELLNAME_Sharp No. 10', 'WELLNAME_Shores A No. 1', 'WELLNAME_Silsbee Gas Unit', 'WELLNAME_Silverberg B-1', 'WELLNAME_Simon No. 1', 'WELLNAME_Sink Cub; Greer #1', 'WELLNAME_Sog #a-3', 'WELLNAME_Sog #a1', 'WELLNAME_Sog #ia', 'WELLNAME_Sosthene Traham', 'WELLNAME_Spears #1', 'WELLNAME_State Tract 377 # 1', 'WELLNAME_Stella M. Roberts #1', 'WELLNAME_T. Cushing #e-1', 'WELLNAME_T. E. Holt D', 'WELLNAME_T. Martin Fee #5', 'WELLNAME_T. Martin No. 1', 'WELLNAME_T.H. Lucky No. 1', 'WELLNAME_Taylor E #2', 'WELLNAME_Taylor E-2', 'WELLNAME_Taylor, G. W. A/c 6g #1', 'WELLNAME_Tony No. 1', 'WELLNAME_Tony No. 2', 'WELLNAME_Trice #1', 'WELLNAME_U.s.a. Clear Springs Swds 2', 'WELLNAME_U.s.a. No. B-5', 'WELLNAME_V.g. Harper No. 1', 'WELLNAME_W. H. Bennett #4', 'WELLNAME_W. Pettijean No. 1', 'WELLNAME_W.A. Moller B 11R', 'WELLNAME_W.L. West 6-11 No. 1', 'WELLNAME_W.L. West 6-6 No. 1', 'WELLNAME_W.M. Geiger no. 2-1', 'WELLNAME_WIATREK 1', 'WELLNAME_Walker 2 Unit 1-1', 'WELLNAME_Washington - Mitchell', 'WELLNAME_Waters #1', 'WELLNAME_Weeks Etal #2', 'WELLNAME_Weems 22-2', 'WELLNAME_Well No. 1', 'WELLNAME_Well No. 14', 'WELLNAME_Well No. 17', 'WELLNAME_Well No. 19', 'WELLNAME_Well No. 20', 'WELLNAME_Well No. 21', 'WELLNAME_Well No. 22', 'WELLNAME_Well No. 25', 'WELLNAME_Well No. 26', 'WELLNAME_Well No. 9', 'WELLNAME_Wilson 1', 'WELLNAME_Wise #1', 'WELLNAME_Woodard #b-1-d', 'PERIOD_Cretaceous', 'PERIOD_Jurassic', 'PERIOD_Neogene', 'PERIOD_Paleocene', 'PERIOD_Paleogene']","['rbf', 'poly', 'sigmoid']",sigmoid,"[0.1, 0.5, 1, 5, 10, 50]",50.0,"[0.01, 0.05, 0.1, 0.2]",0.2,63788.99,56107.87,236.87,79.66,0.12,42.86,71.43,73.21,78.57,2.06,1416.37,2.85,7.12,32.4,18817.24
04_wi_wc,Gulf Coast,222,343,"['TDS', 'LATITUDE', 'LONGITUDE', 'DEPTHUPPER', 'DEPTHLOWER', 'PH', 'B', 'Ba', 'Br', 'HCO3', 'Ca', 'Cl', 'FeTot', 'K', 'Mg', 'Na', 'SO4', 'Sr', 'Zn', 'CHARGEBAL', 'PLAYTYPE_Sedimentary', 'PLAYTYPE_Shale', 'WELLTYPE_Conventional Hydrocarbon', 'FORMSIMPLE_Anahuac', 'FORMSIMPLE_Annona', 'FORMSIMPLE_Bodcaw', 'FORMSIMPLE_Claiborne', 'FORMSIMPLE_Cotton Valley', 'FORMSIMPLE_Edwards', 'FORMSIMPLE_Eutaw', 'FORMSIMPLE_Fredericksburg', 'FORMSIMPLE_Frio', 'FORMSIMPLE_Hosston', 'FORMSIMPLE_Jackson', 'FORMSIMPLE_James', 'FORMSIMPLE_Miocene', 'FORMSIMPLE_Mooringsport', 'FORMSIMPLE_Nacatoch', 'FORMSIMPLE_Navarro', 'FORMSIMPLE_Norphlet', 'FORMSIMPLE_Paluxy', 'FORMSIMPLE_Pettet', 'FORMSIMPLE_Rodessa', 'FORMSIMPLE_Sligo', 'FORMSIMPLE_Smackover', 'FORMSIMPLE_Taylor', 'FORMSIMPLE_Tokio', 'FORMSIMPLE_Travis Peak', 'FORMSIMPLE_Tuscaloosa', 'FORMSIMPLE_Vicksburg', 'FORMSIMPLE_Washita', 'FORMSIMPLE_Wilcox', 'FORMSIMPLE_Yegua', 'STATE_Alabama', 'STATE_Arkansas', 'STATE_Florida', 'STATE_Louisiana', 'STATE_Mississippi', 'STATE_OffShore-Texas', 'STATE_Texas', 'COUNTY_Adams', 'COUNTY_Atascosa', 'COUNTY_Avoyelles', 'COUNTY_Bienville', 'COUNTY_Bossier', 'COUNTY_Brazoria', 'COUNTY_Caddo', 'COUNTY_Caldwell', 'COUNTY_Calhoun', 'COUNTY_Choctaw', 'COUNTY_Claiborne', 'COUNTY_Clarke', 'COUNTY_Colorado', 'COUNTY_Columbia', 'COUNTY_Concordia', 'COUNTY_De Soto', 'COUNTY_DeWitt', 'COUNTY_Escambia', 'COUNTY_Franklin', 'COUNTY_Galveston', 'COUNTY_Goliad', 'COUNTY_Gonzales', 'COUNTY_Grant', 'COUNTY_Guadalupe', 'COUNTY_Hardin', 'COUNTY_Hidalgo', 'COUNTY_Iberia', 'COUNTY_Jasper', 'COUNTY_Jefferson', 'COUNTY_Jim Hogg', 'COUNTY_Jones', 'COUNTY_Karnes', 'COUNTY_Kleberg', 'COUNTY_LaSalle', 'COUNTY_Lafayette', 'COUNTY_Lafourche', 'COUNTY_Lamar', 'COUNTY_Lincoln', 'COUNTY_Miller', 'COUNTY_Monroe', 'COUNTY_Montgomery', 'COUNTY_Nevada', 'COUNTY_Ouachita', 'COUNTY_San Patricio', 'COUNTY_Santa Rosa', 'COUNTY_Simpson', 'COUNTY_Smith', 'COUNTY_St. Landry', 'COUNTY_Tensas', 'COUNTY_Terrebonne', 'COUNTY_Tyler', 'COUNTY_Union', 'COUNTY_Vermilion', 'COUNTY_Wayne', 'COUNTY_Webster', 'COUNTY_Yazoo', 'PROVINCE_Gulf Coast-Offshore', 'PROVINCE_Louisiana-Mississippi Salt Basins', 'PROVINCE_Western Gulf', 'REGION_Gulf Coast', 'REGION_Gulf Coast-Offshore', 'WELLNAME_#11', 'WELLNAME_1 Alman Unit 7-3', 'WELLNAME_1 Blacksher Co 27-14', 'WELLNAME_1 Harrel Unit', 'WELLNAME_1 Humble Fee', 'WELLNAME_1 Rentz Trice 35-1', 'WELLNAME_15', 'WELLNAME_16', 'WELLNAME_18', 'WELLNAME_21-15-2', 'WELLNAME_23', 'WELLNAME_27', 'WELLNAME_28', 'WELLNAME_28-7-2', 'WELLNAME_33', 'WELLNAME_5', 'WELLNAME_A-9 Weeks Isl-ste Ut', 'WELLNAME_A. A. Burrell Fee #2', 'WELLNAME_A. A. Hodson #1', 'WELLNAME_A. G. Gallagher #3c', 'WELLNAME_A. Smith 1-x', 'WELLNAME_A. Viator No. 1', 'WELLNAME_A.R. Rucks #1', 'WELLNAME_Addie Martin #1', 'WELLNAME_Allen 2', 'WELLNAME_Allen Estate 20-7', 'WELLNAME_Alligator Point #1', 'WELLNAME_Alloway 1', 'WELLNAME_Angle #3', 'WELLNAME_B #1 Saint Regis', 'WELLNAME_BROCKMAN 1', 'WELLNAME_BURCHERS-H-G 1', 'WELLNAME_Bacot #5', 'WELLNAME_Baker O #1', 'WELLNAME_Banfield #1', 'WELLNAME_Barsodi #1', 'WELLNAME_Bates #c-1', 'WELLNAME_Beatly #1', 'WELLNAME_Bender Unit # 9 - 1', 'WELLNAME_Bender Unit #15 - 1', 'WELLNAME_Bender Unit 26 - 1', 'WELLNAME_Bernand #6', 'WELLNAME_Board Of Supervisors', 'WELLNAME_Brewer #1', 'WELLNAME_Brooks Fee #2e', 'WELLNAME_Burns A-2', 'WELLNAME_Burns C-1', 'WELLNAME_C STRAWN 1', 'WELLNAME_C. D. Helms 5-4', 'WELLNAME_C. J. Thibodeaux No. 1', 'WELLNAME_C. W. Farris #1', 'WELLNAME_C. Walker 2 Unit 2', 'WELLNAME_C.c. Haynes Et Al Unit 2 #1', 'WELLNAME_C.c. Haynes Etal Unit #2 No. 1', 'WELLNAME_Cabe - Henson 1', 'WELLNAME_CentralOilCo. 5-6', 'WELLNAME_Cozby #1', 'WELLNAME_DENMAN C-30', 'WELLNAME_David Lewis #2', 'WELLNAME_Davis A-1', 'WELLNAME_Dry Bayou Swds 2', 'WELLNAME_Dunn E. L. #2', 'WELLNAME_E. A. Bearden 1', 'WELLNAME_E. A. Bearden 2', 'WELLNAME_E. Broussard #9', 'WELLNAME_E. Dugas #6', 'WELLNAME_E. Dugas #7', 'WELLNAME_E. T. Soileau No. 1', 'WELLNAME_E.k. Gladney #1', 'WELLNAME_E.m. Stelly #1', 'WELLNAME_Elliot Stagg 26-5', 'WELLNAME_Emil Korenik B #1-T', 'WELLNAME_Emma Hastadt #5 Ut', 'WELLNAME_Estellete No. 1', 'WELLNAME_Evans A #1', 'WELLNAME_F W BOYD 2', 'WELLNAME_F. M. Snowden 1-s Swdw', 'WELLNAME_Fannie S. Sanders #1', 'WELLNAME_Fortson #1', 'WELLNAME_Frost F-2', 'WELLNAME_G.W. ALLEN 8', 'WELLNAME_G.f. Butler #2', 'WELLNAME_GERBERT 2', 'WELLNAME_Gardiner # 1', 'WELLNAME_Gardiner #1', 'WELLNAME_Garrett Unit G #1', 'WELLNAME_GeigerCupp Unit 9-13 no. 1', 'WELLNAME_Geoi West #31', 'WELLNAME_Gray Hickey No. 1', 'WELLNAME_H. S. Wynn Etal Unit No. 1', 'WELLNAME_H.L. Peterson #1 (Anshutz)', 'WELLNAME_H.a. Fowler Et Al #1-a', 'WELLNAME_H.h. Campbell #2', 'WELLNAME_H.l. Haynes Et Al Unit No. 1', 'WELLNAME_H.s. Wynn Et Al Unit #1', 'WELLNAME_Harris C-1', 'WELLNAME_Heinsohn #1', 'WELLNAME_Hillard Y2 Gas Unit 1-ut', 'WELLNAME_Homer Currie No. 6', 'WELLNAME_Houston K1', 'WELLNAME_International Paper Company A-1', 'WELLNAME_J C WALLACE 4', 'WELLNAME_J Filmore Etal', 'WELLNAME_J. Bourgue No. 1', 'WELLNAME_J. E. Jackson 40-1', 'WELLNAME_J. M. Bannister 1', 'WELLNAME_J. S. Nolen #1', 'WELLNAME_J. T. Gilbert #1', 'WELLNAME_J. W. Arcenaux No. 1', 'WELLNAME_J.b. Owens #5', 'WELLNAME_Jessie Allen Well no. 1-N', 'WELLNAME_Jimerson 4-6', 'WELLNAME_Johnson B-1', 'WELLNAME_Joseph T. Curry No. 1', 'WELLNAME_KULAWICK 2', 'WELLNAME_Kadison 1', 'WELLNAME_King Estate Unit #1', 'WELLNAME_King Unit B No. 1', 'WELLNAME_Kitchen #1', 'WELLNAME_Kresling #1', 'WELLNAME_L. A. Longino No. 1', 'WELLNAME_L. C. Doney Jr #1', 'WELLNAME_Ladelta Lbr. Co. No. F-1', 'WELLNAME_Lear Kolemay #1', 'WELLNAME_Levees Creek Swds 1', 'WELLNAME_Lita P. Ward A #2', 'WELLNAME_Luta P. Ward A #1', 'WELLNAME_M-17', 'WELLNAME_M. G. Novarre No. 1', 'WELLNAME_Mance-lowe #1', 'WELLNAME_Mary B. Holmes No. 1', 'WELLNAME_Mary Mcconnell No. 6-d', 'WELLNAME_McKamey B-5', 'WELLNAME_Midway Unit Tract 11 - 4', 'WELLNAME_Midway Unit Tract, 11 - 5', 'WELLNAME_Ms Mclaughlin #1', 'WELLNAME_No. 1', 'WELLNAME_No. 2', 'WELLNAME_Norman Hurd # 40', 'WELLNAME_Norman Hurd #19', 'WELLNAME_Norman Hurd #34', 'WELLNAME_O LIEKE 1', ""WELLNAME_O'bier #1"", 'WELLNAME_O. C. Nelson Fee #2k', 'WELLNAME_O. C. Nelson Fee #75', 'WELLNAME_O. C. Nelson Fee #7c', 'WELLNAME_Olin-brown No. 7-t', 'WELLNAME_Orchards Unit 6 #1', 'WELLNAME_Orchards Unit 9 #1', 'WELLNAME_P. C. Risher Swdw 1-s', 'WELLNAME_PETTUS 6', 'WELLNAME_PHARR FWU #3', 'WELLNAME_Pat Wyche 2ff #2-4', 'WELLNAME_Patterson 1', 'WELLNAME_Pleasant Bayou #2', 'WELLNAME_Portland Gas Un/cl #1', 'WELLNAME_Red River Bay Swds 3', 'WELLNAME_Roberson 1', 'WELLNAME_Rose 1', 'WELLNAME_Russell #1', 'WELLNAME_S. P. Brown Estate 1', 'WELLNAME_SaraBemis-1D', 'WELLNAME_Scaife #1', 'WELLNAME_Scales 1', 'WELLNAME_Schenck #3', 'WELLNAME_Sharp No. 10', 'WELLNAME_Shores A No. 1', 'WELLNAME_Silsbee Gas Unit', 'WELLNAME_Silverberg B-1', 'WELLNAME_Simon No. 1', 'WELLNAME_Sink Cub; Greer #1', 'WELLNAME_Sog #a-3', 'WELLNAME_Sog #a1', 'WELLNAME_Sog #ia', 'WELLNAME_Sosthene Traham', 'WELLNAME_Spears #1', 'WELLNAME_State Tract 377 # 1', 'WELLNAME_Stella M. Roberts #1', 'WELLNAME_T. Cushing #e-1', 'WELLNAME_T. E. Holt D', 'WELLNAME_T. Martin Fee #5', 'WELLNAME_T. Martin No. 1', 'WELLNAME_T.H. Lucky No. 1', 'WELLNAME_Taylor E #2', 'WELLNAME_Taylor E-2', 'WELLNAME_Taylor, G. W. A/c 6g #1', 'WELLNAME_Tony No. 1', 'WELLNAME_Tony No. 2', 'WELLNAME_Trice #1', 'WELLNAME_U.s.a. Clear Springs Swds 2', 'WELLNAME_U.s.a. No. B-5', 'WELLNAME_V.g. Harper No. 1', 'WELLNAME_W. H. Bennett #4', 'WELLNAME_W. Pettijean No. 1', 'WELLNAME_W.A. Moller B 11R', 'WELLNAME_W.L. West 6-11 No. 1', 'WELLNAME_W.L. West 6-6 No. 1', 'WELLNAME_W.M. Geiger no. 2-1', 'WELLNAME_WIATREK 1', 'WELLNAME_Walker 2 Unit 1-1', 'WELLNAME_Washington - Mitchell', 'WELLNAME_Waters #1', 'WELLNAME_Weeks Etal #2', 'WELLNAME_Weems 22-2', 'WELLNAME_Well No. 1', 'WELLNAME_Well No. 14', 'WELLNAME_Well No. 17', 'WELLNAME_Well No. 19', 'WELLNAME_Well No. 20', 'WELLNAME_Well No. 21', 'WELLNAME_Well No. 22', 'WELLNAME_Well No. 25', 'WELLNAME_Well No. 26', 'WELLNAME_Well No. 9', 'WELLNAME_Wilson 1', 'WELLNAME_Wise #1', 'WELLNAME_Woodard #b-1-d', 'PERIOD_Cretaceous', 'PERIOD_Jurassic', 'PERIOD_Neogene', 'PERIOD_Paleocene', 'PERIOD_Paleogene']","['rbf', 'poly', 'sigmoid']",sigmoid,"[0.1, 0.5, 1, 5, 10]",10.0,"[0.01, 0.05, 0.1]",0.1,63788.99,63115.02,251.23,90.68,0.01,42.86,69.64,73.21,76.79,1.76,1451.33,2.87,8.86,31.02,21859.47
